Title:,"Time Series, Area-Averaged of UV Aerosol Index daily 1 (daily)"
User Start Date:,2015-10-01T00:00:00Z
User End Date:,2025-10-31T23:59:59Z
User Bounding Box:,""
Data Bounding Box:,""
URL to Reproduce Results:,"https://giovanni.gsfc.nasa.gov/giovanni/#service=ArAvTs&starttime=2015-10-01T00:00:00Z&endtime=2025-10-31T23:59:59Z&shape=state_dept_countries_2017/shp_103&&data=OMAERUVd_003_UVAerosolIndex&dataKeyword=UV&portal=GIOVANNI&format=json"
Fill Value (mean_OMAERUVd_003_UVAerosolIndex):, -1.267651e+30

time, mean_OMAERUVd_003_UVAerosolIndex
2015-10-01,0.094443731
2015-10-02,0.241955444
2015-10-03,0.0479483567
2015-10-04,0.280948937
2015-10-05,0.196248189
2015-10-06,0.145687774
2015-10-07,0.193302512
2015-10-08,0.209912211
2015-10-09,0.327802628
2015-10-10,0.186493114
2015-10-11,0.389080763
2015-10-12,0.287838727
2015-10-13,0.22707592
2015-10-14,0.34198913
2015-10-15,0.203657404
2015-10-16,0.36852473
2015-10-17,0.301306009
2015-10-18,0.440058112
2015-10-19,0.398922354
2015-10-20,0.472818702
2015-10-21,0.545387447
2015-10-22,0.391431898
2015-10-23,0.572539508
2015-10-24,0.375668406
2015-10-25,0.646626353
2015-10-26,0.333325446
2015-10-27,0.469654411
2015-10-28,0.15138787
2015-10-29,0.227108538
2015-10-30,0.179045036
2015-10-31,0.0402952172
2015-11-01,-1.267651e+30
2015-11-02,0.234820023
2015-11-03,0.370098114
2015-11-04,0.361456513
2015-11-05,0.424752295
2015-11-06,0.48131457
2015-11-07,0.455729276
2015-11-08,0.589578569
2015-11-09,0.379691482
2015-11-10,0.517261147
2015-11-11,0.431458145
2015-11-12,0.49820143
2015-11-13,0.561718404
2015-11-14,0.67898339
2015-11-15,0.603765965
2015-11-16,0.571258366
2015-11-17,0.485367775
2015-11-18,0.374174118
2015-11-19,0.628969908
2015-11-20,0.466970295
2015-11-21,0.526916385
2015-11-22,0.487578034
2015-11-23,0.394601405
2015-11-24,0.644357622
2015-11-25,0.356220275
2015-11-26,0.553816378
2015-11-27,0.348246664
2015-11-28,0.597492576
2015-11-29,0.731722891
2015-11-30,2.14374137
2015-12-01,0.660264552
2015-12-02,1.4744941
2015-12-03,-1.267651e+30
2015-12-04,0.854564488
2015-12-05,1.18655264
2015-12-06,0.629238129
2015-12-07,2.15534639
2015-12-08,0.453036726
2015-12-09,0.400929064
2015-12-10,0.530076623
2015-12-11,0.418338209
2015-12-12,0.551533163
2015-12-13,0.441164881
2015-12-14,0.584483445
2015-12-15,0.325487614
2015-12-16,0.599040866
2015-12-17,0.540008366
2015-12-18,0.458833873
2015-12-19,0.475774497
2015-12-20,0.475643039
2015-12-21,0.645783544
2015-12-22,0.49295941
2015-12-23,0.683595538
2015-12-24,0.611011922
2015-12-25,0.568675637
2015-12-26,0.51353246
2015-12-27,0.410383165
2015-12-28,0.45591715
2015-12-29,0.403574437
2015-12-30,0.554502189
2015-12-31,0.336171478
2016-01-01,0.731265187
2016-01-02,0.479046375
2016-01-03,0.382492453
2016-01-04,-1.267651e+30
2016-01-05,0.412934452
2016-01-06,0.605710745
2016-01-07,0.417739332
2016-01-08,0.76867497
2016-01-09,0.278816164
2016-01-10,0.66293633
2016-01-11,0.436315894
2016-01-12,0.330612093
2016-01-13,0.592158616
2016-01-14,0.475215316
2016-01-15,0.647081435
2016-01-16,0.44009313
2016-01-17,0.65852052
2016-01-18,0.512110591
2016-01-19,0.230512083
2016-01-20,0.354647964
2016-01-21,0.220780015
2016-01-22,0.309564918
2016-01-23,0.361868888
2016-01-24,0.316048622
2016-01-25,0.32891044
2016-01-26,0.296742737
2016-01-27,0.398303628
2016-01-28,0.394030184
2016-01-29,0.482724786
2016-01-30,0.386940211
2016-01-31,0.487757772
2016-02-01,0.244050562
2016-02-02,0.543191433
2016-02-03,0.303332359
2016-02-04,0.336410791
2016-02-05,-1.267651e+30
2016-02-06,0.324738562
2016-02-07,0.450772882
2016-02-08,0.247440994
2016-02-09,0.44063136
2016-02-10,0.389496595
2016-02-11,0.562094927
2016-02-12,0.42413792
2016-02-13,0.45406881
2016-02-14,0.445742935
2016-02-15,0.389507353
2016-02-16,0.482834488
2016-02-17,0.371409208
2016-02-18,0.465515256
2016-02-19,0.304451346
2016-02-20,0.0486563109
2016-02-21,0.185193405
2016-02-22,0.16479671
2016-02-23,0.3313649
2016-02-24,0.15893878
2016-02-25,0.408253103
2016-02-26,0.366340637
2016-02-27,0.356800735
2016-02-28,0.404474825
2016-02-29,0.198075816
2016-03-01,0.296661705
2016-03-02,0.113855481
2016-03-03,0.376345843
2016-03-04,0.109657772
2016-03-05,0.411494106
2016-03-06,0.115597531
2016-03-07,0.225135222
2016-03-08,-1.267651e+30
2016-03-09,0.0295930561
2016-03-10,0.188056633
2016-03-11,0.170401007
2016-03-12,0.34392032
2016-03-13,0.132748067
2016-03-14,0.236401618
2016-03-15,0.167262062
2016-03-16,0.0569229051
2016-03-17,0.252321333
2016-03-18,0.298446655
2016-03-19,0.487190038
2016-03-20,0.511075735
2016-03-21,0.693563461
2016-03-22,0.439476162
2016-03-23,0.571996331
2016-03-24,0.633943379
2016-03-25,0.645468891
2016-03-26,0.666971564
2016-03-27,0.487926304
2016-03-28,0.42769748
2016-03-29,0.349928588
2016-03-30,0.526206911
2016-03-31,0.454998851
2016-04-01,0.391873896
2016-04-02,0.412125885
2016-04-03,0.195965439
2016-04-04,0.50367558
2016-04-05,0.169182152
2016-04-06,0.347442806
2016-04-07,0.155092388
2016-04-08,0.254129797
2016-04-09,-1.267651e+30
2016-04-10,0.243451715
2016-04-11,0.393460274
2016-04-12,0.340471536
2016-04-13,0.597446859
2016-04-14,0.349034071
2016-04-15,0.538855195
2016-04-16,0.387652516
2016-04-17,0.438152045
2016-04-18,0.467577666
2016-04-19,0.347860962
2016-04-20,0.520345032
2016-04-21,0.268869519
2016-04-22,0.573886573
2016-04-23,0.286550671
2016-04-24,0.528460681
2016-04-25,0.395168215
2016-04-26,0.392294198
2016-04-27,0.546144545
2016-04-28,0.363012552
2016-04-29,0.727791548
2016-04-30,0.471354514
2016-05-01,0.824607015
2016-05-02,0.535670877
2016-05-03,0.55109632
2016-05-04,0.290316224
2016-05-05,0.180561304
2016-05-06,0.299334794
2016-05-07,0.0453547798
2016-05-08,0.231430978
2016-05-09,0.198363602
2016-05-10,0.183108449
2016-05-11,-1.267651e+30
2016-05-12,0.167989612
2016-05-13,0.334425569
2016-05-14,0.16276373
2016-05-15,0.466193527
2016-05-16,0.166710436
2016-05-17,0.474248379
2016-05-18,0.221344352
2016-05-19,0.270285577
2016-05-20,0.464745611
2016-05-21,0.349063009
2016-05-22,0.555481493
2016-05-23,0.427857816
2016-05-24,0.667270422
2016-05-25,0.423212618
2016-05-26,0.674207747
2016-05-27,0.501873076
2016-05-28,0.456684083
2016-05-29,0.43929255
2016-06-10,0.339942873
2016-06-14,0.658567429
2016-06-15,0.505476296
2016-06-16,0.649572909
2016-06-17,0.486919463
2016-06-18,0.225816444
2016-06-19,0.135572702
2016-06-20,0.0950859264
2016-06-21,0.0269171353
2016-06-22,0.0578753054
2016-06-23,0.0819921419
2016-06-24,0.151550606
2016-06-25,0.0222852174
2016-06-26,-0.01634451
2016-06-27,-0.0786540061
2016-06-28,-0.0381670408
2016-06-29,-0.0959712416
2016-06-30,-0.115778781
2016-07-01,0.0341248326
2016-07-02,0.0478578284
2016-07-03,-0.00624988601
2016-07-04,0.118681066
2016-07-05,0.101549558
2016-07-06,0.230183795
2016-07-07,0.361656398
2016-07-08,0.301379979
2016-07-09,0.152512744
2016-07-10,0.206564546
2016-07-11,0.102538578
2016-07-12,0.214805365
2016-07-13,0.215769604
2016-07-14,-1.267651e+30
2016-07-15,0.12268497
2016-07-16,0.130991295
2016-07-17,0.103760079
2016-07-18,0.226684362
2016-07-19,0.308453888
2016-07-20,0.448015153
2016-07-21,0.165536657
2016-07-22,0.136156499
2016-07-23,0.0203505829
2016-07-24,0.0400571786
2016-07-25,0.00333686429
2016-07-26,-0.114633143
2016-07-27,-0.0709858984
2016-07-28,-0.00191871403
2016-07-29,-0.0550614819
2016-07-30,-0.0223138463
2016-07-31,-0.0600540228
2016-08-01,0.116346218
2016-08-02,0.0398372114
2016-08-03,0.0639243647
2016-08-04,0.0431713723
2016-08-05,-0.0242474675
2016-08-06,0.0180856679
2016-08-07,0.0796020105
2016-08-08,0.0492953025
2016-08-09,0.0723246038
2016-08-10,0.0684047714
2016-08-11,0.0645622239
2016-08-12,0.222957611
2016-08-13,0.24661693
2016-08-14,0.359385878
2016-08-15,-1.267651e+30
2016-08-16,0.383515269
2016-08-17,0.387645364
2016-08-18,0.23338078
2016-08-19,0.249095529
2016-08-20,0.197562665
2016-08-21,0.177290946
2016-08-22,0.0777853429
2016-08-23,0.11466562
2016-08-24,0.0255122595
2016-08-25,0.0432663783
2016-08-26,0.0848088712
2016-08-27,0.0533787385
2016-08-28,-0.0452836826
2016-08-29,-0.0194878038
2016-08-30,-0.0845642686
2016-08-31,-0.039576441
2016-09-01,-0.138281405
2016-09-02,0.0254586991
2016-09-03,0.0263245758
2016-09-04,0.285828769
2016-09-05,0.189192444
2016-09-06,0.34400481
2016-09-07,0.256097794
2016-09-08,0.195698306
2016-09-09,0.190511718
2016-09-10,0.0213490296
2016-09-11,0.192059815
2016-09-12,-0.0382456705
2016-09-13,0.0926729441
2016-09-14,0.0603211895
2016-09-15,0.0629311651
2016-09-16,-1.267651e+30
2016-09-17,-0.0138770305
2016-09-18,0.061957553
2016-09-19,0.0254673641
2016-09-20,0.0631940812
2016-09-21,-0.0134071698
2016-09-22,0.119179256
2016-09-23,0.108596444
2016-09-24,0.124640822
2016-09-25,0.104364432
2016-09-26,0.0242567472
2016-09-27,0.193877921
2016-09-28,0.0553765111
2016-09-29,0.0812385455
2016-09-30,0.185638845
2016-10-01,0.0366684608
2016-10-02,0.159941807
2016-10-03,0.0255206544
2016-10-04,0.157081798
2016-10-05,0.00847609621
2016-10-06,0.127925873
2016-10-07,0.0962396711
2016-10-08,0.00992363598
2016-10-09,0.194782227
2016-10-10,0.174602851
2016-10-11,0.237577707
2016-10-12,0.0993865356
2016-10-13,0.31466347
2016-10-14,0.293622106
2016-10-15,0.283730716
2016-10-16,0.412188083
2016-10-17,0.140355006
2016-10-18,-1.267651e+30
2016-10-19,0.248516381
2016-10-20,0.626444697
2016-10-21,0.418669373
2016-10-22,0.570069075
2016-10-23,0.492129147
2016-10-24,0.469058871
2016-10-25,0.549734116
2016-10-26,0.194977015
2016-10-27,0.430170983
2016-10-28,0.474716574
2016-10-29,0.492285818
2016-10-30,0.531346321
2016-10-31,0.241039455
2016-11-01,0.688199997
2016-11-02,0.293584406
2016-11-03,0.507968009
2016-11-04,0.596671522
2016-11-05,0.507713079
2016-11-06,0.745537281
2016-11-07,0.774197698
2016-11-08,1.02433145
2016-11-09,0.633583248
2016-11-10,0.901309788
2016-11-11,0.516603827
2016-11-12,0.736911476
2016-11-13,0.812955856
2016-11-14,0.707149863
2016-11-15,0.715584874
2016-11-16,0.579900861
2016-11-17,0.690478981
2016-11-18,0.347337991
2016-11-19,-1.267651e+30
2016-11-20,0.425625801
2016-11-21,0.689464033
2016-11-22,0.464402944
2016-11-23,0.64045769
2016-11-24,0.491804183
2016-11-25,0.500694036
2016-11-26,0.553515851
2016-11-27,0.496440232
2016-11-28,0.635509491
2016-11-29,0.310800225
2016-11-30,0.732018113
2016-12-01,0.230997413
2016-12-02,0.523894608
2016-12-03,0.596851826
2016-12-04,0.339122534
2016-12-05,0.550521493
2016-12-06,0.389487594
2016-12-07,0.575489104
2016-12-08,0.444120079
2016-12-09,0.44469437
2016-12-10,0.346665651
2016-12-11,0.382565349
2016-12-12,0.414528877
2016-12-13,0.375958472
2016-12-14,0.466346264
2016-12-15,0.368189335
2016-12-16,0.440354139
2016-12-17,0.390203923
2016-12-18,0.503129601
2016-12-19,0.396249741
2016-12-20,0.386042267
2016-12-21,-1.267651e+30
2016-12-22,0.38353911
2016-12-23,0.613911927
2016-12-24,0.469651848
2016-12-25,0.687623799
2016-12-26,0.503737748
2016-12-27,0.511273623
2016-12-28,0.523315609
2016-12-29,0.338453025
2016-12-30,0.692318678
2016-12-31,0.547674537
2017-01-01,0.659570634
2017-01-02,0.499706507
2017-01-03,0.464381248
2017-01-04,0.372509152
2017-01-05,0.198265865
2017-01-06,0.399309278
2017-01-07,0.443460703
2017-01-08,0.447360069
2017-01-09,0.447693795
2017-01-10,0.42768234
2017-01-11,0.306588948
2017-01-12,0.307017893
2017-01-13,0.441901118
2017-01-14,0.264011711
2017-01-15,0.564546347
2017-01-16,0.626057446
2017-01-17,0.615729749
2017-01-18,0.418082923
2017-01-19,0.444245756
2017-01-20,0.379693002
2017-01-21,0.354282111
2017-01-22,-1.267651e+30
2017-01-23,0.276635975
2017-01-24,0.409612238
2017-01-25,0.321296751
2017-01-26,0.460106671
2017-01-27,0.123791978
2017-01-28,0.30669868
2017-01-29,0.213497341
2017-01-30,0.187873498
2017-01-31,0.232291847
2017-02-01,0.051714208
2017-02-02,0.316291004
2017-02-03,0.0901103616
2017-02-04,0.358445555
2017-02-05,0.166124985
2017-02-06,0.0985012725
2017-02-07,0.0794102475
2017-02-08,0.101817131
2017-02-09,0.170914516
2017-02-10,0.200543672
2017-02-11,0.354920596
2017-02-12,0.341662735
2017-02-13,0.322378933
2017-02-14,0.342546612
2017-02-15,0.289012343
2017-02-16,0.506475151
2017-02-17,0.214093715
2017-02-18,0.512290597
2017-02-19,0.181848139
2017-02-20,0.525401294
2017-02-21,0.286202073
2017-02-22,0.353643775
2017-02-23,-1.267651e+30
2017-02-24,0.243387148
2017-02-25,0.303036749
2017-02-26,0.245842919
2017-02-27,0.432629555
2017-02-28,0.347205609
2017-03-01,0.381894082
2017-03-02,0.365220755
2017-03-03,0.270615697
2017-03-04,0.368226051
2017-03-05,0.0798258036
2017-03-06,0.278205276
2017-03-07,0.211514458
2017-03-08,0.310842425
2017-03-09,0.182601362
2017-03-10,0.223867834
2017-03-11,0.0740411952
2017-03-12,0.198285729
2017-03-17,0.546274483
2017-03-18,0.378101468
2017-03-19,0.335970879
2017-03-20,0.34646368
2017-03-21,0.38000071
2017-03-22,0.515334964
2017-03-23,0.402463406
2017-03-24,0.584029853
2017-03-25,0.467287958
2017-03-26,0.579640806
2017-03-27,-1.267651e+30
2017-03-28,0.541344702
2017-03-29,0.575740635
2017-03-30,0.494808078
2017-03-31,0.722213268
2017-04-01,0.376160175
2017-04-02,0.549010456
2017-04-03,0.281163335
2017-04-04,0.424646735
2017-04-05,0.49074164
2017-04-06,0.57374692
2017-04-07,0.685027242
2017-04-08,0.50997895
2017-04-09,0.73726517
2017-04-10,0.574758768
2017-04-11,0.739506602
2017-04-12,0.812343955
2017-04-13,0.885509312
2017-04-14,1.04842794
2017-04-15,0.70651418
2017-04-16,0.890935659
2017-04-17,0.831441462
2017-04-18,0.804788768
2017-04-19,0.771415949
2017-04-20,0.664955854
2017-04-21,0.708786428
2017-04-22,0.555772662
2017-04-23,0.717150569
2017-04-24,0.469606757
2017-04-25,0.585670173
2017-04-26,0.478220999
2017-04-27,0.57478869
2017-04-28,-1.267651e+30
2017-04-29,0.715222359
2017-04-30,0.694815397
2017-05-01,0.26213038
2017-05-02,0.430829108
2017-05-03,0.379310906
2017-05-04,0.507980645
2017-05-05,0.310255855
2017-05-06,0.403206736
2017-05-07,0.413904548
2017-05-08,0.270870417
2017-05-09,0.45088461
2017-05-10,0.121247403
2017-05-11,0.256838381
2017-05-12,0.220882565
2017-05-13,0.21812214
2017-05-14,0.238297507
2017-05-15,0.137297735
2017-05-16,0.353972375
2017-05-17,0.192711398
2017-05-18,0.376618892
2017-05-19,0.184345216
2017-05-20,0.406655192
2017-05-21,0.4470976
2017-05-22,0.301635206
2017-05-23,0.333946586
2017-05-24,0.246752247
2017-05-25,0.359865099
2017-05-26,0.18084915
2017-05-27,0.426823884
2017-05-28,0.103359073
2017-05-29,0.277313679
2017-05-30,-1.267651e+30
2017-05-31,0.187490433
2017-06-01,0.112503804
2017-06-02,0.309101254
2017-06-03,0.269723922
2017-06-04,0.438674569
2017-06-05,0.649347246
2017-06-06,0.563452482
2017-06-07,0.192279324
2017-06-08,0.169393376
2017-06-09,0.0170771517
2017-06-10,0.0571109839
2017-06-11,0.00490311999
2017-06-12,0.149975494
2017-06-13,0.182079688
2017-06-14,0.264796913
2017-06-15,0.275886893
2017-06-16,0.265642345
2017-06-17,0.261996567
2017-06-18,0.342136025
2017-06-19,0.318491638
2017-06-20,0.175376117
2017-06-21,0.307120532
2017-06-22,0.229038715
2017-06-23,0.198175237
2017-06-24,0.0730604529
2017-06-25,-0.04524884
2017-06-26,0.00440037204
2017-06-27,0.0505679175
2017-06-28,-0.0742468461
2017-06-29,0.0103282062
2017-06-30,0.0234033447
2017-07-01,-1.267651e+30
2017-07-02,0.054688029
2017-07-03,0.0730792284
2017-07-04,0.24322854
2017-07-05,0.458893359
2017-07-06,0.447808325
2017-07-07,0.337116241
2017-07-08,0.226162225
2017-07-09,0.126549348
2017-07-10,0.189103156
2017-07-11,0.172031268
2017-07-12,0.102751307
2017-07-13,0.159305334
2017-07-14,0.048308108
2017-07-15,0.0962850153
2017-07-16,0.0304486956
2017-07-17,0.0753333792
2017-07-18,-0.0194288697
2017-07-19,-0.123652361
2017-07-20,-0.0367108844
2017-07-21,0.00980176218
2017-07-22,0.0396503508
2017-07-23,0.0529051498
2017-07-24,0.0126663707
2017-07-25,0.248926327
2017-07-26,0.158336267
2017-07-27,0.140708193
2017-07-28,0.0477240756
2017-07-29,0.119482145
2017-07-30,0.0826494917
2017-07-31,0.108726829
2017-08-01,0.268329293
2017-08-02,-1.267651e+30
2017-08-03,0.437206388
2017-08-04,0.369871855
2017-08-05,0.489135802
2017-08-06,0.218120128
2017-08-07,0.0475507043
2017-08-08,0.0561625287
2017-08-09,0.0414686911
2017-08-10,0.106540106
2017-08-11,0.156421944
2017-08-12,0.142527193
2017-08-13,0.260416299
2017-08-14,0.241275728
2017-08-15,0.306873858
2017-08-16,0.211653382
2017-08-17,0.263860375
2017-08-18,0.218372405
2017-08-19,-0.0131986588
2017-08-20,0.0269964002
2017-08-21,0.0963433459
2017-08-22,0.00830720831
2017-08-23,-0.00383989536
2017-08-24,0.00702948123
2017-08-25,0.0623291545
2017-08-26,0.099945277
2017-08-27,0.0512612686
2017-08-28,-0.0704410002
2017-08-29,-0.0273551103
2017-08-30,0.0713658631
2017-08-31,0.0292389896
2017-09-01,-0.0689241439
2017-09-02,0.163883269
2017-09-03,-1.267651e+30
2017-09-04,0.265917122
2017-09-05,0.232002527
2017-09-06,0.151236758
2017-09-07,0.177530706
2017-09-08,0.0585864708
2017-09-09,0.125980571
2017-09-10,0.0204921961
2017-09-11,0.0542228334
2017-09-12,0.106909633
2017-09-13,-0.0429491252
2017-09-14,0.125017643
2017-09-15,-0.0228977464
2017-09-16,0.0918928906
2017-09-17,-0.0770264342
2017-09-18,0.100142099
2017-09-19,0.158677295
2017-09-20,0.0056681158
2017-09-21,0.125331953
2017-09-22,0.0218745042
2017-09-23,0.219285131
2017-09-24,0.183550477
2017-09-25,0.192513436
2017-09-26,0.22309576
2017-09-27,0.0946608558
2017-09-28,0.202913225
2017-09-29,0.109022491
2017-09-30,0.319794089
2017-10-01,0.112021826
2017-10-02,0.226521447
2017-10-03,0.196113095
2017-10-04,0.0466871038
2017-10-05,-1.267651e+30
2017-10-06,0.0419406146
2017-10-07,0.199462742
2017-10-08,0.0986939594
2017-10-09,0.132956564
2017-10-10,0.188048735
2017-10-11,0.0425517969
2017-10-12,0.193369716
2017-10-13,0.0346725173
2017-10-14,0.364836872
2017-10-15,0.21682553
2017-10-16,0.576839507
2017-10-17,0.409745514
2017-10-18,0.368953139
2017-10-19,0.40235579
2017-10-20,0.265050739
2017-10-21,0.386769325
2017-10-22,0.363839149
2017-10-23,0.646664023
2017-10-24,0.567489505
2017-10-25,0.636784077
2017-10-26,0.704806745
2017-10-27,0.550607979
2017-10-28,0.757172108
2017-10-29,0.343238771
2017-10-30,0.622710109
2017-10-31,0.6207335
2017-11-01,0.630871952
2017-11-02,0.670814037
2017-11-03,0.360475302
2017-11-04,0.585640311
2017-11-05,0.474799573
2017-11-06,-1.267651e+30
2017-11-07,0.583616436
2017-11-08,0.641794622
2017-11-09,0.706440747
2017-11-10,0.645340025
2017-11-11,0.695126414
2017-11-12,0.596963584
2017-11-13,0.705622613
2017-11-14,0.393347174
2017-11-15,0.396475226
2017-11-16,0.545670986
2017-11-17,0.546931088
2017-11-18,0.486930102
2017-11-19,0.730934381
2017-11-20,0.5663504
2017-11-21,0.376565486
2017-11-22,0.575057983
2017-11-23,0.399891675
2017-11-24,0.62520963
2017-11-25,0.416028738
2017-11-26,1.13342917
2017-11-27,0.512991905
2017-11-28,0.867915094
2017-11-29,0.66363889
2017-11-30,0.505206883
2017-12-01,0.709581971
2017-12-02,0.463207811
2017-12-03,1.22015834
2017-12-04,1.17600203
2017-12-05,4.29213953
2017-12-06,0.851664066
2017-12-07,3.66605997
2017-12-08,-1.267651e+30
2017-12-09,2.17142677
2017-12-10,2.63464403
2017-12-11,1.60430956
2017-12-12,4.3940177
2017-12-13,0.562562466
2017-12-14,0.490650952
2017-12-15,0.516215265
2017-12-16,0.440280229
2017-12-17,0.459587663
2017-12-18,0.304519534
2017-12-19,0.580067396
2017-12-20,0.252421081
2017-12-21,0.532133758
2017-12-22,0.46667096
2017-12-23,0.458226293
2017-12-24,0.546832383
2017-12-25,0.481320739
2017-12-26,0.541394055
2017-12-27,0.424260825
2017-12-28,0.613120198
2017-12-29,0.477191269
2017-12-30,0.370452225
2017-12-31,0.491665363
2018-01-01,0.23151648
2018-01-02,0.454243928
2018-01-03,0.431040972
2018-01-04,0.529859662
2018-01-05,0.504713237
2018-01-06,0.565474331
2018-01-07,0.495552123
2018-01-08,0.328530997
2018-01-09,-1.267651e+30
2018-01-10,0.438503325
2018-01-11,0.396674693
2018-01-12,0.462718636
2018-01-13,0.603803575
2018-01-14,0.477395058
2018-01-15,0.423054278
2018-01-16,0.491814673
2018-01-17,0.362923086
2018-01-18,0.330173641
2018-01-19,0.339236647
2018-01-20,0.454954922
2018-01-21,0.372474492
2018-01-22,0.680241406
2018-01-23,0.481429785
2018-01-24,0.309341937
2018-01-25,0.388319343
2018-01-26,0.369403094
2018-01-27,0.36216414
2018-01-28,0.466917396
2018-01-29,0.437621474
2018-01-30,0.405220419
2018-01-31,0.481815249
2018-02-01,0.327965051
2018-02-02,0.423608452
2018-02-03,0.379611671
2018-02-04,0.396477371
2018-02-05,0.450036407
2018-02-06,0.0763813853
2018-02-07,0.347296566
2018-02-08,0.344648957
2018-02-09,0.346520275
2018-02-10,-1.267651e+30
2018-02-11,0.116454765
2018-02-12,0.377231508
2018-02-13,0.093543604
2018-02-14,0.22001563
2018-02-15,0.228675306
2018-02-16,0.341275483
2018-02-17,0.394033611
2018-02-18,0.457087189
2018-02-19,0.554616988
2018-02-20,0.42602548
2018-02-21,0.589057565
2018-02-22,0.440881729
2018-02-23,0.531918049
2018-02-24,0.42341727
2018-02-25,0.386518061
2018-02-26,0.232298449
2018-02-27,0.270774633
2018-02-28,0.342791528
2018-03-01,0.275184184
2018-03-02,0.464420527
2018-03-03,0.439958274
2018-03-04,0.390562683
2018-03-05,0.408605546
2018-03-06,0.266331375
2018-03-07,0.324444294
2018-03-08,0.308447361
2018-03-09,0.544190049
2018-03-10,0.443308115
2018-03-11,0.443710297
2018-03-12,0.43651551
2018-03-13,0.386965871
2018-03-14,-1.267651e+30
2018-03-15,0.345875531
2018-03-16,0.271812409
2018-03-17,0.130870476
2018-03-18,0.344090134
2018-03-19,0.36291188
2018-03-20,0.433133632
2018-03-21,0.487080634
2018-03-22,0.401373178
2018-03-23,0.451394141
2018-03-24,0.298227578
2018-03-25,0.661532998
2018-03-26,0.541927338
2018-03-27,0.642599821
2018-03-28,0.789593816
2018-03-29,0.652878642
2018-03-30,0.767725527
2018-03-31,0.527707994
2018-04-01,0.901740372
2018-04-02,0.512863874
2018-04-03,0.523060381
2018-04-04,0.631924987
2018-04-05,0.451823264
2018-04-06,0.533729136
2018-04-07,0.420556366
2018-04-08,0.370041847
2018-04-09,0.220647752
2018-04-10,0.272902608
2018-04-11,0.0712924078
2018-04-12,0.210843444
2018-04-13,0.129563466
2018-04-14,0.238846451
2018-04-15,-1.267651e+30
2018-04-16,0.318042397
2018-04-17,0.395071119
2018-04-18,0.40961197
2018-04-19,0.632418871
2018-04-20,0.548357904
2018-04-21,0.673385441
2018-04-22,0.509806633
2018-04-23,0.612219334
2018-04-24,0.627669454
2018-04-25,0.550636113
2018-04-26,0.871150851
2018-04-27,0.651277065
2018-04-28,0.806008995
2018-04-29,0.511657119
2018-04-30,0.544823647
2018-05-01,0.453248024
2018-05-02,0.399811924
2018-05-03,0.460959911
2018-05-04,0.248944968
2018-05-05,0.433551967
2018-05-06,0.335136771
2018-05-07,0.485925496
2018-05-08,0.397659183
2018-05-09,0.466798365
2018-05-10,0.402502149
2018-05-11,0.317667723
2018-05-12,0.457215011
2018-05-13,0.537346482
2018-05-14,1.11629415
2018-05-15,1.35366213
2018-05-16,1.0656327
2018-05-17,-1.267651e+30
2018-05-18,0.878394604
2018-05-19,0.902785599
2018-05-20,0.762433648
2018-05-21,0.77621758
2018-05-22,0.644663215
2018-05-23,0.562041163
2018-05-24,0.604569256
2018-05-25,0.50811249
2018-05-26,0.453166902
2018-05-27,0.395567536
2018-05-28,0.639074385
2018-05-29,0.410053879
2018-05-30,0.61283046
2018-05-31,0.474937826
2018-06-01,0.482303679
2018-06-02,0.631707907
2018-06-03,0.634297073
2018-06-04,0.820419431
2018-06-05,0.636886179
2018-06-06,0.344038218
2018-06-07,0.509940088
2018-06-08,0.338561326
2018-06-09,0.325582802
2018-06-10,0.573685348
2018-06-11,0.554328263
2018-06-12,0.737506092
2018-06-13,0.931899071
2018-06-14,1.07212043
2018-06-15,1.07985449
2018-06-16,0.895493686
2018-06-17,0.814063668
2018-06-18,-1.267651e+30
2018-06-19,0.642485857
2018-06-20,0.285359621
2018-06-21,0.251384795
2018-06-22,0.215631515
2018-06-23,0.188539833
2018-06-24,0.231405169
2018-06-25,0.13429594
2018-06-26,0.203869805
2018-06-27,0.206858918
2018-06-28,-0.00267600338
2018-06-29,0.0358886495
2018-06-30,0.0497743525
2018-07-01,0.148739129
2018-07-02,0.0828325078
2018-07-03,0.268608153
2018-07-04,0.289303333
2018-07-05,0.662033916
2018-07-06,0.49598375
2018-07-07,0.538899124
2018-07-08,0.379606992
2018-07-09,0.297728628
2018-07-10,0.0590751469
2018-07-11,0.0865691155
2018-07-12,0.0809238479
2018-07-13,0.0504691042
2018-07-14,0.0806345716
2018-07-15,0.0954630002
2018-07-16,0.0916897804
2018-07-17,-0.00952428021
2018-07-18,0.0953151062
2018-07-19,0.0737808794
2018-07-20,-1.267651e+30
2018-07-21,-0.0305125471
2018-07-22,0.0885767862
2018-07-23,0.174286544
2018-07-24,0.01931943
2018-07-25,0.251829714
2018-07-26,0.348433018
2018-07-27,0.616645098
2018-07-28,1.00820386
2018-07-29,0.736455142
2018-07-30,0.53510046
2018-07-31,0.44853431
2018-08-01,0.626371026
2018-08-02,0.583066404
2018-08-03,0.603969455
2018-08-04,0.890878022
2018-08-05,0.597195685
2018-08-06,0.336360246
2018-08-07,0.217436731
2018-08-08,0.149191782
2018-08-09,0.00610688934
2018-08-10,0.0544317476
2018-08-11,-0.100631036
2018-08-12,0.129527926
2018-08-13,0.542198837
2018-08-14,0.497225404
2018-08-15,0.752224028
2018-08-16,0.0625198931
2018-08-17,0.306902826
2018-08-18,0.00490401452
2018-08-19,0.000912231102
2018-08-20,0.0194433033
2018-08-21,-1.267651e+30
2018-08-22,0.0737838373
2018-08-23,0.0779527202
2018-08-24,0.00550404238
2018-08-25,0.215831637
2018-08-26,0.135598376
2018-08-27,0.12650001
2018-08-28,0.121687204
2018-08-29,0.124470465
2018-08-30,0.133648038
2018-08-31,0.0359410457
2018-09-01,0.200442165
2018-09-02,-0.0190160591
2018-09-03,0.125375986
2018-09-04,0.139405802
2018-09-05,0.285274923
2018-09-06,0.321254373
2018-09-07,0.0368279852
2018-09-08,0.145078793
2018-09-09,0.0985757485
2018-09-10,0.0470316559
2018-09-11,0.00590036344
2018-09-12,0.18682912
2018-09-13,0.205573335
2018-09-14,0.188918889
2018-09-15,0.161915526
2018-09-16,0.0624726862
2018-09-17,0.375488669
2018-09-18,0.219413325
2018-09-19,0.258765131
2018-09-20,0.0500838943
2018-09-21,-0.089787282
2018-09-22,-1.267651e+30
2018-09-23,0.0864714608
2018-09-24,0.160063028
2018-09-25,0.180217788
2018-09-26,0.230037704
2018-09-27,0.218072355
2018-09-28,0.14321357
2018-09-29,0.279797405
2018-09-30,0.272491336
2018-10-01,0.205313042
2018-10-02,0.138378605
2018-10-03,0.222407356
2018-10-04,0.0508300923
2018-10-05,0.192652166
2018-10-06,0.226976857
2018-10-07,0.172932103
2018-10-08,0.270527512
2018-10-09,0.166016594
2018-10-10,0.405002832
2018-10-11,0.167774007
2018-10-12,0.19839406
2018-10-13,0.269016355
2018-10-14,0.316178083
2018-10-15,0.3899782
2018-10-16,0.222017601
2018-10-17,0.52931565
2018-10-18,0.264035642
2018-10-19,0.516547799
2018-10-20,0.371695191
2018-10-21,0.4098185
2018-10-22,0.462678492
2018-10-23,0.292922646
2018-10-24,-1.267651e+30
2018-10-25,0.291053802
2018-10-26,0.512720227
2018-10-27,0.357679009
2018-10-28,0.341535479
2018-10-29,0.391891241
2018-10-30,0.292348176
2018-10-31,0.688994825
2018-11-01,2.69284344
2018-11-02,1.44265318
2018-11-03,1.41915917
2018-11-04,2.53734803
2018-11-05,0.833963394
2018-11-06,4.66650248
2018-11-07,0.932010233
2018-11-08,3.7241869
2018-11-09,1.60447478
2018-11-10,2.13440084
2018-11-11,2.5758462
2018-11-12,0.505361319
2018-11-13,0.676339388
2018-11-14,0.583594799
2018-11-15,0.613211572
2018-11-16,0.5037148
2018-11-17,0.462573946
2018-11-18,0.607663095
2018-11-19,1.57384908
2018-11-20,3.4930954
2018-11-21,1.18836462
2018-11-22,4.82754135
2018-11-23,0.94710058
2018-11-24,3.94666529
2018-11-25,-1.267651e+30
2018-11-26,0.457486749
2018-11-27,0.703400791
2018-11-28,0.46853137
2018-11-29,0.702088177
2018-11-30,0.554951072
2018-12-01,0.501176953
2018-12-02,0.633557081
2018-12-03,2.96893835
2018-12-04,2.09770036
2018-12-05,1.83781171
2018-12-06,4.39319849
2018-12-07,1.27043557
2018-12-08,5.39810562
2018-12-09,1.08103526
2018-12-10,3.58916211
2018-12-11,1.59621823
2018-12-12,2.36296535
2018-12-13,2.87268329
2018-12-14,1.44324338
2018-12-15,4.42237759
2018-12-16,0.659286976
2018-12-17,4.85004377
2018-12-18,1.11899114
2018-12-19,3.75906062
2018-12-20,2.48682117
2018-12-21,2.20409274
2018-12-22,4.76079988
2018-12-23,1.4944371
2018-12-24,6.34091568
2018-12-25,1.15573156
2018-12-26,5.14033699
2018-12-27,-1.267651e+30
2018-12-28,2.91980267
2018-12-29,3.68523026
2018-12-30,1.88891864
2018-12-31,5.46753073
2019-01-01,1.26865995
2019-01-02,5.66802597
2019-01-03,1.50929892
2019-01-04,3.72463632
2019-01-05,2.52313089
2019-01-06,2.57339978
2019-01-07,4.31163597
2019-01-08,1.44157422
2019-01-09,5.80904531
2019-01-10,1.02499998
2019-01-11,4.5149641
2019-01-12,2.06267333
2019-01-13,2.6331265
2019-01-14,3.43413997
2019-01-15,1.64766097
2019-01-16,5.19830465
2019-01-17,1.21836579
2019-01-18,5.27960587
2019-01-19,1.52496088
2019-01-20,3.37656569
2019-01-21,1.82412803
2019-01-22,1.78645813
2019-01-23,3.76356769
2019-01-24,1.13957071
2019-01-25,4.56049156
2019-01-26,0.789482653
2019-01-27,2.975878
2019-01-28,-1.267651e+30
2019-01-29,2.01470733
2019-01-30,2.18704724
2019-01-31,1.23984373
2019-02-01,3.95667887
2019-02-02,0.880558133
2019-02-03,3.83639932
2019-02-04,0.80167973
2019-02-05,2.54829216
2019-02-06,1.40921724
2019-02-07,1.24653292
2019-02-08,3.02518225
2019-02-09,0.744991302
2019-02-10,4.24066925
2019-02-11,0.299871653
2019-02-12,0.23749955
2019-02-13,0.312124044
2019-02-14,0.162111163
2019-02-15,0.278362274
2019-02-16,0.0703937709
2019-02-17,0.172152728
2019-02-18,0.179288268
2019-02-19,0.240414143
2019-02-20,0.171504706
2019-02-21,0.199643821
2019-02-22,0.177869439
2019-02-23,0.00369779509
2019-02-24,0.212359875
2019-02-25,0.70191437
2019-02-26,5.21966267
2019-02-27,0.509400845
2019-02-28,3.43945217
2019-03-01,-1.267651e+30
2019-03-02,1.67380214
2019-03-03,2.61151433
2019-03-04,0.145774379
2019-03-05,0.295887142
2019-03-06,-0.00634424109
2019-03-07,0.162117004
2019-03-08,0.253243923
2019-03-09,0.312581182
2019-03-10,0.308944374
2019-03-11,0.309561789
2019-03-12,0.385488182
2019-03-13,0.274758577
2019-03-14,0.367947698
2019-03-15,0.241796359
2019-03-16,0.236286834
2019-03-17,0.291907847
2019-03-18,0.0931183025
2019-03-19,0.199739709
2019-03-20,0.279529423
2019-03-21,0.421076149
2019-03-22,0.265442848
2019-03-23,0.425698787
2019-03-24,0.431559205
2019-03-25,0.513237059
2019-03-26,0.500454307
2019-03-27,0.322213382
2019-03-28,0.54338336
2019-03-29,0.489104539
2019-03-30,0.713943422
2019-03-31,0.518423259
2019-04-01,0.390524358
2019-04-02,-1.267651e+30
2019-04-03,0.337130636
2019-04-04,0.598508
2019-04-05,0.29542616
2019-04-06,0.580276847
2019-04-07,0.269168168
2019-04-08,0.400359035
2019-04-09,0.327152163
2019-04-10,0.348783821
2019-04-11,0.561064541
2019-04-12,0.325722843
2019-04-13,0.52867806
2019-04-14,0.351455808
2019-04-15,0.442314386
2019-04-16,0.25562802
2019-04-17,0.172711641
2019-04-18,0.18287459
2019-04-19,-0.0405159071
2019-04-20,0.172347888
2019-04-21,-0.143274903
2019-04-22,0.287639856
2019-04-23,0.191270217
2019-04-24,0.294817656
2019-04-25,0.435999751
2019-04-26,0.457826465
2019-04-27,0.701618135
2019-04-28,0.55017668
2019-04-29,0.758106947
2019-04-30,0.431355208
2019-05-01,4.12416649
2019-05-02,1.02277768
2019-05-03,4.16494989
2019-05-04,-1.267651e+30
2019-05-05,3.07776475
2019-05-06,1.69416738
2019-05-07,2.11361575
2019-05-08,3.75312018
2019-05-09,1.49248493
2019-05-10,4.46346617
2019-05-11,1.1173799
2019-05-12,3.42862272
2019-05-13,1.14562857
2019-05-14,0.182647854
2019-05-15,0.406934977
2019-05-16,0.247106865
2019-05-17,0.401438177
2019-05-18,0.187135428
2019-05-19,0.277776003
2019-05-20,0.194530025
2019-05-21,0.172223896
2019-05-22,0.263498902
2019-05-23,0.0447094291
2019-05-24,0.238133311
2019-05-25,-0.00317906146
2019-05-26,0.348873496
2019-05-27,0.198217228
2019-05-28,0.328389525
2019-05-29,0.366649032
2019-05-30,0.229570076
2019-05-31,0.459501982
2019-06-01,0.377894402
2019-06-02,0.617611229
2019-06-03,0.370340019
2019-06-04,0.534100294
2019-06-05,-1.267651e+30
2019-06-06,0.464613974
2019-06-07,0.443732083
2019-06-08,0.276747316
2019-06-09,0.459303975
2019-06-10,0.353753626
2019-06-11,0.462031394
2019-06-12,0.300917238
2019-06-13,0.333834887
2019-06-14,0.264067322
2019-06-15,0.417362809
2019-06-16,0.470448732
2019-06-17,0.276475877
2019-06-18,0.265805215
2019-06-19,0.144152075
2019-06-20,0.243223786
2019-06-21,0.139469758
2019-06-22,0.0698825046
2019-06-23,0.18281953
2019-06-24,0.130347311
2019-06-25,-0.0442059301
2019-06-26,-0.0816825479
2019-06-27,0.133243948
2019-06-28,0.140995711
2019-06-29,0.18920967
2019-06-30,0.215971604
2019-07-01,0.436820447
2019-07-02,0.350344568
2019-07-03,0.176334247
2019-07-04,0.123113833
2019-07-05,0.160373569
2019-07-06,0.160935104
2019-07-07,-1.267651e+30
2019-07-08,0.495029122
2019-07-09,0.338713348
2019-07-10,0.530340612
2019-07-11,0.456729025
2019-07-12,0.554333627
2019-07-13,0.567178786
2019-07-14,0.531262696
2019-07-15,0.801351666
2019-07-16,1.9782865
2019-07-17,3.41569424
2019-07-18,3.89232826
2019-07-19,1.74900115
2019-07-20,5.2613163
2019-07-21,1.17464101
2019-07-22,5.15349293
2019-07-23,0.908142984
2019-07-24,3.35728621
2019-07-25,2.12256217
2019-07-26,1.70898008
2019-07-27,4.09160566
2019-07-28,1.14474583
2019-07-29,4.4446044
2019-07-30,0.874214053
2019-07-31,3.75617003
2019-08-01,1.43354261
2019-08-02,2.31634378
2019-08-03,3.00216341
2019-08-04,1.37396431
2019-08-05,4.75931025
2019-08-06,0.958155811
2019-08-07,4.30307198
2019-08-08,-1.267651e+30
2019-08-09,3.25385642
2019-08-10,2.11945486
2019-08-11,2.32927489
2019-08-12,4.88041544
2019-08-13,1.11924279
2019-08-14,4.89926386
2019-08-15,0.976184905
2019-08-16,4.36154699
2019-08-17,1.64293861
2019-08-18,2.49033809
2019-08-19,0.252222538
2019-08-20,0.0579885505
2019-08-21,0.172101706
2019-08-22,0.0680427104
2019-08-23,0.127173707
2019-08-24,0.129827812
2019-08-25,-0.0759127364
2019-08-26,0.163435042
2019-08-27,0.00443640444
2019-08-28,0.00781759154
2019-08-29,-0.0247450024
2019-08-30,0.0010486918
2019-08-31,-0.0835291222
2019-09-01,-0.128602818
2019-09-02,-0.0308472216
2019-09-03,-0.124695279
2019-09-04,0.0636371076
2019-09-05,-0.00924412068
2019-09-06,0.0650132969
2019-09-07,-0.0626784936
2019-09-08,-0.040302489
2019-09-09,-1.267651e+30
2019-09-10,-0.0251231808
2019-09-11,0.129595354
2019-09-12,-0.0702033639
2019-09-13,0.10388229
2019-09-14,0.144958675
2019-09-15,0.0557563454
2019-09-16,0.087154083
2019-09-17,0.0318738632
2019-09-18,0.195184857
2019-09-19,-0.0416084602
2019-09-20,0.170519814
2019-09-21,-0.0852355957
2019-09-22,0.00352658541
2019-09-23,-0.0440244675
2019-09-24,-0.0739881694
2019-09-25,0.0811000541
2019-09-26,-0.117222548
2019-09-27,0.12784642
2019-09-28,-0.176301107
2019-09-29,0.10900031
2019-09-30,-0.0272571854
2019-10-01,0.142872691
2019-10-02,0.0736153424
2019-10-03,-0.0084746927
2019-10-04,0.06963332
2019-10-05,-0.0746896937
2019-10-06,0.125525773
2019-10-07,-0.115487225
2019-10-08,0.0295194779
2019-10-09,0.023200823
2019-10-10,-0.0173607972
2019-10-11,-1.267651e+30
2019-10-12,0.00894265529
2019-10-13,0.190387979
2019-10-14,0.0945484191
2019-10-15,0.151623055
2019-10-16,0.149332911
2019-10-18,0.260887742
2019-10-19,-0.0413515531
2019-10-20,0.115915008
2019-10-21,-0.07857728
2019-10-22,0.307872921
2019-10-23,-0.0280608889
2019-10-24,0.0731250569
2019-10-25,0.194419846
2019-10-26,-0.0434977785
2019-10-27,0.279952228
2019-10-28,0.155984357
2019-10-29,0.406476051
2019-10-30,0.117902227
2019-10-31,0.50752157
2019-11-01,0.40952155
2019-11-02,0.161254779
2019-11-03,0.52721262
2019-11-04,0.20628491
2019-11-05,0.694109619
2019-11-06,0.275476605
2019-11-07,0.545180678
2019-11-08,0.117131256
2019-11-09,0.35211277
2019-11-10,0.405347168
2019-11-11,0.253622234
2019-11-12,-1.267651e+30
2019-11-13,0.349003524
2019-11-14,0.416779965
2019-11-15,0.49715063
2019-11-16,0.527218878
2019-11-17,0.464729011
2019-11-18,0.36193186
2019-11-19,0.478024185
2019-11-20,0.475465447
2019-11-21,0.555186749
2019-11-22,0.420770347
2019-11-23,0.776563227
2019-11-24,0.319455057
2019-11-25,0.558411062
2019-11-26,0.430215865
2019-11-27,0.381317288
2019-11-28,0.49855122
2019-11-29,0.365142822
2019-11-30,0.629951835
2019-12-01,0.274260998
2019-12-02,0.734028041
2019-12-03,0.358112842
2019-12-04,0.341898113
2019-12-05,0.513706982
2019-12-06,0.257288605
2019-12-07,0.389794976
2019-12-08,0.494636208
2019-12-09,0.757504344
2019-12-10,0.45681718
2019-12-11,0.854761779
2019-12-12,0.347384244
2019-12-13,0.252519518
2019-12-14,0.443487525
2019-12-15,0.295797408
2019-12-16,0.459111273
2019-12-17,0.335900575
2019-12-18,0.656121254
2019-12-19,0.325710535
2019-12-20,0.401977748
2019-12-21,0.334874928
2019-12-22,0.318442732
2019-12-23,0.470162928
2019-12-24,0.388571531
2019-12-25,0.599400997
2019-12-26,0.118037991
2019-12-27,0.644496679
2019-12-28,0.35001716
2019-12-29,0.208041072
2019-12-30,0.412497014
2019-12-31,0.338835776
2020-01-01,0.433020234
2020-01-02,0.268374711
2020-01-03,0.424261272
2020-01-04,0.318647146
2020-01-05,0.259899855
2020-01-06,0.297626793
2020-01-07,0.36334762
2020-01-08,0.279321581
2020-01-09,0.0785880461
2020-01-10,0.396904826
2020-01-11,0.218374252
2020-01-12,0.480202347
2020-01-13,0.390819043
2020-01-14,0.170930475
2020-01-15,0.2689026
2020-01-16,0.181615397
2020-01-17,0.341159165
2020-01-18,0.278954297
2020-01-19,0.410833657
2020-01-20,0.232098639
2020-01-21,0.236892149
2020-01-22,0.154376924
2020-01-23,0.128611997
2020-01-24,0.0568676218
2020-01-25,0.125676841
2020-01-26,0.387077183
2020-01-27,0.283255249
2020-01-28,0.452303886
2020-01-29,0.254158199
2020-01-30,0.206542
2020-01-31,0.073525764
2020-02-01,0.0317851566
2020-02-02,0.112392217
2020-02-03,0.134178087
2020-02-04,0.385023355
2020-02-05,0.11272724
2020-02-06,0.156212822
2020-02-07,0.268571258
2020-02-08,0.0299588051
2020-02-09,0.171317592
2020-02-10,0.0856742188
2020-02-11,0.228799328
2020-02-12,0.158142209
2020-02-13,0.402153403
2020-02-14,0.106808431
2020-02-15,0.163974971
2020-02-16,0.0703308284
2020-02-17,0.126205295
2020-02-18,0.18073909
2020-02-19,0.0592823476
2020-02-20,0.25735867
2020-02-21,0.203271881
2020-02-22,0.138344958
2020-02-23,0.23890166
2020-02-24,0.0334518626
2020-02-25,0.213044912
2020-02-26,0.078296721
2020-02-27,0.155080438
2020-02-28,0.22831212
2020-02-29,0.251303166
2020-03-01,0.236141711
2020-03-02,0.112859242
2020-03-03,0.168508217
2020-03-04,0.12204273
2020-03-05,0.189861745
2020-03-06,0.094339788
2020-03-07,0.209394693
2020-03-08,0.00401185313
2020-03-09,0.00813372713
2020-03-10,0.148565412
2020-03-11,0.0622546412
2020-03-12,0.159909129
2020-03-13,0.0670582354
2020-03-14,0.186696053
2020-03-15,0.0231449082
2020-03-16,0.204672948
2020-03-17,0.123978443
2020-03-18,0.220181882
2020-03-19,0.117395684
2020-03-20,0.118336096
2020-03-21,0.175513729
2020-03-22,0.0865603387
2020-03-23,0.190604657
2020-03-24,0.221016273
2020-03-25,0.175743207
2020-03-26,0.0955953747
2020-03-27,0.0404734835
2020-03-28,0.0636452287
2020-03-29,0.0647192746
2020-03-30,0.224393591
2020-03-31,0.285826802
2020-04-01,0.417656273
2020-04-02,0.138157979
2020-04-03,0.242058232
2020-04-04,0.141192988
2020-04-05,0.171313897
2020-04-06,0.24272278
2020-04-07,0.202161774
2020-04-08,0.441267759
2020-04-09,0.209513903
2020-04-10,0.344324321
2020-04-11,0.363257289
2020-04-12,0.367252409
2020-04-13,0.489726096
2020-04-14,0.412074804
2020-04-15,0.562230408
2020-04-16,0.390021861
2020-04-17,0.479431421
2020-04-18,0.402857393
2020-04-19,0.302854061
2020-04-20,0.23884283
2020-04-21,0.0748039633
2020-04-22,0.131215483
2020-04-23,-0.0432715751
2020-04-24,0.169544965
2020-04-25,0.0347180553
2020-04-26,0.0733011886
2020-04-27,0.0585319102
2020-04-28,0.0934540108
2020-04-29,0.0839805976
2020-04-30,0.135870472
2020-05-01,0.194712162
2020-05-02,0.125620499
2020-05-03,0.168422624
2020-05-04,0.0363619328
2020-05-05,0.294695199
2020-05-06,0.113220647
2020-05-07,0.0777760148
2020-05-08,0.175895959
2020-05-09,0.0929767117
2020-05-10,0.269465029
2020-05-11,-0.0764550492
2020-05-12,0.104856052
2020-05-13,0.0437596478
2020-05-14,0.0936348885
2020-05-15,0.10019549
2020-05-16,-0.015770657
2020-05-17,0.217354015
2020-05-18,0.0840149745
2020-05-19,0.379614949
2020-05-20,0.036339052
2020-05-21,0.333084911
2020-05-22,0.282248169
2020-05-23,0.481425941
2020-05-24,0.564022899
2020-05-25,0.235264897
2020-05-26,0.372127712
2020-05-27,0.172472522
2020-05-28,0.466532379
2020-05-29,0.376185745
2020-05-30,0.295030802
2020-05-31,0.0911809206
2020-06-01,0.156477511
2020-06-02,0.0137574654
2020-06-03,0.0426345654
2020-06-04,-0.0459347256
2020-06-05,0.0441486314
2020-06-06,0.104294434
2020-06-07,0.0293645281
2020-06-08,-0.00472279033
2020-06-09,0.186298028
2020-06-10,0.0692999437
2020-06-11,0.076227136
2020-06-12,0.0722497478
2020-06-13,0.011465271
2020-06-14,0.0441237167
2020-06-15,0.0127745317
2020-06-16,0.0484238528
2020-06-17,0.0790318772
2020-06-18,0.180768475
2020-06-19,0.300391197
2020-06-20,0.189349994
2020-06-21,-1.267651e+30
2020-06-22,-0.0296216849
2020-06-23,0.153150648
2020-06-24,0.0652069375
2020-06-25,0.0192133542
2020-06-26,0.105075806
2020-06-27,0.181543827
2020-06-28,0.201745838
2020-06-29,0.101539589
2020-06-30,0.19266738
2020-07-01,0.274132907
2020-07-02,0.269901097
2020-07-03,0.219144851
2020-07-04,0.104858972
2020-07-05,0.0734228417
2020-07-06,-0.0412641317
2020-07-07,0.0311013758
2020-07-08,0.101895399
2020-07-09,-0.0165945888
2020-07-10,0.124166436
2020-07-11,0.157353297
2020-07-12,0.126560643
2020-07-13,0.196844384
2020-07-14,0.0692382753
2020-07-15,0.00161939173
2020-07-16,0.0959802419
2020-07-17,0.108691193
2020-07-18,0.00438523199
2020-07-19,-0.0104784733
2020-07-20,-0.0489012152
2020-07-21,0.025989728
2020-07-22,0.130487368
2020-07-23,0.0683863163
2020-07-24,0.055489786
2020-07-25,0.013775995
2020-07-26,0.131655455
2020-07-27,0.0514717475
2020-07-28,-0.0884244964
2020-07-29,-0.00231092493
2020-07-30,0.00291450857
2020-07-31,0.00256436132
2020-08-01,0.00457246322
2020-08-02,0.138950735
2020-08-03,0.143739387
2020-08-04,0.104069583
2020-08-05,0.0400026776
2020-08-06,0.0541641973
2020-08-07,0.0172178037
2020-08-08,-0.0874979943
2020-08-09,-0.0318871699
2020-08-10,-0.0318295695
2020-08-11,0.0340036228
2020-08-12,0.113358863
2020-08-13,0.00799067784
2020-08-14,-0.0238882788
2020-08-15,-0.0101491762
2020-08-16,-0.0619597994
2020-08-17,0.118644498
2020-08-18,0.0493136458
2020-08-19,0.14732413
2020-08-20,-0.0740269497
2020-08-21,-0.0180663485
2020-08-22,0.0263603311
2020-08-23,0.0751109198
2020-08-24,0.103288881
2020-08-25,0.252212852
2020-08-26,0.168664932
2020-08-27,0.050192453
2020-08-28,0.175762236
2020-08-29,0.0938152894
2020-08-30,-0.0155209871
2020-08-31,0.168527171
2020-09-01,0.224421829
2020-09-02,0.139601216
2020-09-03,-0.00893790741
2020-09-04,0.0760915652
2020-09-05,-0.0228309166
2020-09-06,-0.0376330055
2020-09-07,-0.0678642765
2020-09-08,0.182300746
2020-09-09,-0.0246882904
2020-09-10,-0.0437343642
2020-09-11,0.109446771
2020-09-12,-0.00679461099
2020-09-13,0.0411104895
2020-09-14,0.0197293069
2020-09-15,0.0139021892
2020-09-16,0.0622367747
2020-09-17,0.10636726
2020-09-18,0.103572257
2020-09-19,0.014941304
2020-09-20,0.124371685
2020-09-21,-0.0337666385
2020-09-22,0.0759412721
2020-09-23,0.0527106225
2020-09-24,0.155993134
2020-09-25,0.126403823
2020-09-26,0.187410057
2020-09-27,0.385874569
2020-09-28,0.181604058
2020-09-29,0.404390842
2020-09-30,0.135274827
2020-10-01,0.253481209
2020-10-02,0.216504395
2020-10-03,0.130144656
2020-10-04,0.186773047
2020-10-05,0.116308048
2020-10-06,0.260741234
2020-10-07,0.123245522
2020-10-08,0.305091053
2020-10-09,0.249308303
2020-10-10,0.330755174
2020-10-11,0.352568984
2020-10-12,0.184544414
2020-10-13,0.492013901
2020-10-14,0.211212024
2020-10-15,0.34127152
2020-10-16,0.347836792
2020-10-17,0.187681064
2020-10-18,0.279491097
2020-10-19,0.148414314
2020-10-20,0.500750422
2020-10-21,0.177510753
2020-10-22,0.391641945
2020-10-23,0.367938578
2020-10-24,0.588633478
2020-10-25,0.486595064
2020-10-26,0.419333309
2020-10-27,0.783876896
2020-10-28,0.416728824
2020-10-29,1.16882253
2020-10-30,0.737193406
2020-10-31,0.566268504
2020-11-01,0.943481505
2020-11-02,0.635226607
2020-11-03,0.845201313
2020-11-04,0.561433852
2020-11-05,0.851408541
2020-11-06,0.651182532
2020-11-07,0.961954057
2020-11-08,0.990274489
2020-11-09,0.930041611
2020-11-10,1.05818689
2020-11-11,0.764993072
2020-11-12,0.594694078
2020-11-13,0.501042664
2020-11-14,0.608461082
2020-11-15,0.444641739
2020-11-16,0.40994814
2020-11-17,0.42803669
2020-11-18,0.696952224
2020-11-19,0.456818819
2020-11-20,0.490303755
2020-11-21,0.495052636
2020-11-22,0.48727724
2020-11-23,0.630594075
2020-11-24,0.54014343
2020-11-25,0.776475489
2020-11-26,0.398226321
2020-11-27,0.734566271
2020-11-28,0.496214896
2020-11-29,0.623980999
2020-11-30,0.594927967
2020-12-01,0.408619732
2020-12-02,0.745846748
2020-12-03,0.354593039
2020-12-04,1.03801632
2020-12-05,0.415004224
2020-12-06,0.620880723
2020-12-07,0.549783587
2020-12-08,0.507251024
2020-12-09,0.555788875
2020-12-10,0.480842233
2020-12-11,0.771446705
2020-12-12,0.36746639
2020-12-13,0.801137686
2020-12-14,0.448217124
2020-12-15,0.379565686
2020-12-16,0.535680234
2020-12-17,0.481291443
2020-12-18,0.5734905
2020-12-19,0.471829265
2020-12-20,0.658691406
2020-12-21,0.389724582
2020-12-22,0.492900997
2020-12-23,0.532008231
2020-12-24,0.499577463
2020-12-25,0.634988248
2020-12-26,0.608156741
2020-12-27,0.737850606
2020-12-28,0.623854578
2020-12-29,0.717323065
2020-12-30,0.661843359
2020-12-31,0.513908088
2021-01-01,0.746830106
2021-01-02,0.512710035
2021-01-03,0.534216225
2021-01-04,0.424044102
2021-01-05,0.425115585
2021-01-06,0.385260344
2021-01-07,0.42967248
2021-01-08,0.401245445
2021-01-09,0.426806122
2021-01-10,0.468015999
2021-01-11,0.267540187
2021-01-12,0.572053313
2021-01-13,0.25382024
2021-01-14,0.631077707
2021-01-15,0.422154605
2021-01-16,0.309742361
2021-01-17,0.484698355
2021-01-18,2.66085052
2021-01-19,3.8438375
2021-01-20,1.71472299
2021-01-21,6.24339342
2021-01-22,1.23545432
2021-01-23,5.71548986
2021-01-24,1.55037069
2021-01-25,3.19436955
2021-01-26,2.53187823
2021-01-27,1.99336982
2021-01-28,5.15765667
2021-01-29,1.24243915
2021-01-30,6.8071785
2021-01-31,1.19319355
2021-02-01,5.26536512
2021-02-02,1.67131984
2021-02-03,2.90118575
2021-02-04,3.63473129
2021-02-05,1.49963832
2021-02-06,6.57744312
2021-02-07,0.881438553
2021-02-08,5.78311968
2021-02-09,0.922197819
2021-02-10,3.46581364
2021-02-11,2.04623652
2021-02-12,1.80216873
2021-02-13,5.06913137
2021-02-14,1.11173892
2021-02-15,7.00448799
2021-02-16,1.01097429
2021-02-17,4.29487658
2021-02-18,1.71043718
2021-02-19,2.08478093
2021-02-20,3.68941259
2021-02-21,1.53622115
2021-02-22,6.57010412
2021-02-23,1.09043491
2021-02-24,6.16687536
2021-02-25,1.19735765
2021-02-26,3.79233098
2021-02-27,2.15364766
2021-02-28,2.30054569
2021-03-01,3.41567779
2021-03-02,1.05684507
2021-03-03,4.61655951
2021-03-04,0.672146857
2021-03-05,3.69966936
2021-03-06,1.42056918
2021-03-07,0.465538621
2021-03-08,0.942188919
2021-03-09,0.536557138
2021-03-10,0.859437346
2021-03-11,0.600112617
2021-03-12,0.551255643
2021-03-13,0.340191901
2021-03-14,0.439780504
2021-03-15,0.596312106
2021-03-16,0.876797378
2021-03-17,1.05561697
2021-03-18,0.782569289
2021-03-19,0.948239326
2021-03-20,0.784753919
2021-03-21,0.588076472
2021-03-22,0.684333324
2021-03-23,0.633890331
2021-03-24,0.733273447
2021-03-25,0.753150821
2021-03-26,1.18048501
2021-03-27,0.965124369
2021-03-28,1.22458243
2021-03-29,1.15777683
2021-03-30,1.0585171
2021-03-31,1.03344429
2021-04-01,0.567850947
2021-04-02,1.03618062
2021-04-03,0.827514708
2021-04-04,1.02842498
2021-04-05,1.14393497
2021-04-06,2.79853106
2021-04-07,1.55257154
2021-04-08,2.07655954
2021-04-09,1.67744613
2021-04-10,1.51078594
2021-04-11,3.35025144
2021-04-12,1.14533246
2021-04-13,3.90692329
2021-04-14,0.924018562
2021-04-15,2.40343809
2021-04-16,1.54988885
2021-04-17,1.66527712
2021-04-18,2.94477057
2021-04-19,1.35422087
2021-04-20,3.63663387
2021-04-21,0.978612602
2021-04-22,2.96238041
2021-04-23,1.22079003
2021-04-24,2.30444217
2021-04-25,2.04078865
2021-04-26,1.5607239
2021-04-27,3.98283315
2021-04-28,1.2643652
2021-04-29,4.27549076
2021-04-30,1.0411129
2021-05-01,2.74694586
2021-05-02,1.35084355
2021-05-03,1.28286421
2021-05-04,2.52593827
2021-05-05,0.676565468
2021-05-06,3.48475957
2021-05-07,0.582995951
2021-05-08,3.1080873
2021-05-09,0.805966258
2021-05-10,-0.0243215505
2021-05-11,0.0633050725
2021-05-12,-0.0742618367
2021-05-13,0.163497165
2021-05-14,0.0738885477
2021-05-15,0.137822017
2021-05-16,0.030652456
2021-05-17,3.43006921
2021-05-18,1.59738064
2021-05-19,2.06871915
2021-05-20,4.23248291
2021-05-21,1.34591103
2021-05-22,5.57875872
2021-05-23,0.885239303
2021-05-24,4.82398987
2021-05-25,1.4063791
2021-05-26,2.91688204
2021-05-27,3.21982241
2021-05-28,1.70424724
2021-05-29,5.6421876
2021-05-30,1.19545138
2021-05-31,5.80900526
2021-06-01,1.03247237
2021-06-02,4.03166819
2021-06-03,2.31173301
2021-06-04,2.42446876
2021-06-05,3.9819932
2021-06-06,1.52383244
2021-06-07,0.109996505
2021-06-08,0.227879584
2021-06-09,0.213182226
2021-06-10,0.346179187
2021-06-11,0.188985601
2021-06-12,0.383328319
2021-06-13,0.290077835
2021-06-14,3.32912016
2021-06-15,0.816575825
2021-06-16,4.12027979
2021-06-17,0.54033196
2021-06-18,2.53714919
2021-06-19,1.09545529
2021-06-20,0.257709563
2021-06-21,0.342236221
2021-06-22,0.251592875
2021-06-23,0.166417122
2021-06-24,0.227858305
2021-06-25,0.225423053
2021-06-26,0.18311134
2021-06-27,0.176904187
2021-06-28,2.67712808
2021-06-29,2.0152247
2021-06-30,6.18569803
2021-07-01,1.40225887
2021-07-02,6.3664856
2021-07-03,1.47834718
2021-07-04,4.74754572
2021-07-05,2.42186975
2021-07-06,2.93193364
2021-07-07,4.69120836
2021-07-08,1.39643252
2021-07-09,5.60305786
2021-07-10,0.991923928
2021-07-11,4.16969538
2021-07-12,1.39791024
2021-07-13,2.79289556
2021-07-14,2.43311501
2021-07-15,2.08635998
2021-07-16,4.75133038
2021-07-17,1.08528805
2021-07-18,4.76578903
2021-07-19,0.91513288
2021-07-20,3.54068232
2021-07-21,2.13845062
2021-07-22,2.24754047
2021-07-23,3.83057451
2021-07-24,1.44366062
2021-07-25,5.65251637
2021-07-26,0.98987633
2021-07-27,4.34908819
2021-07-28,1.40720093
2021-07-29,2.72533488
2021-07-30,3.01042557
2021-07-31,2.01339436
2021-08-01,5.53450346
2021-08-02,1.15816224
2021-08-03,4.56996059
2021-08-04,1.014979
2021-08-05,3.40660548
2021-08-06,1.97346461
2021-08-07,2.07013679
2021-08-08,3.9589994
2021-08-09,1.33463299
2021-08-10,4.99127054
2021-08-11,0.204575613
2021-08-12,0.184504867
2021-08-13,0.241499946
2021-08-14,0.305864781
2021-08-15,0.219130903
2021-08-16,0.192686662
2021-08-17,0.116226241
2021-08-18,0.0731594488
2021-08-19,0.0703561455
2021-08-20,0.11625459
2021-08-21,0.0014968816
2021-08-22,0.0703391433
2021-08-23,0.108464457
2021-08-24,0.123896666
2021-08-25,0.148478016
2021-08-26,0.410683721
2021-08-27,0.214516819
2021-08-28,0.180105865
2021-08-29,0.137998655
2021-08-30,0.00960873906
2021-08-31,0.132432118
2021-09-01,-0.0225497466
2021-09-02,-0.0259211585
2021-09-03,-0.103830606
2021-09-04,0.0317701511
2021-09-05,0.00466237077
2021-09-06,-0.111642092
2021-09-07,0.065669857
2021-09-08,0.0580811538
2021-09-09,0.0942896381
2021-09-10,-0.102253221
2021-09-11,0.0119921919
2021-09-12,0.0214760639
2021-09-13,0.027111575
2021-09-14,0.0725513026
2021-09-15,0.0270744357
2021-09-16,0.222997963
2021-09-17,0.0466874018
2021-09-18,0.105688892
2021-09-19,0.0804199129
2021-09-20,0.0877336115
2021-09-21,0.0302762166
2021-09-22,0.0054200883
2021-09-23,0.173623398
2021-09-24,-0.0452099331
2021-09-25,0.136964872
2021-09-26,-0.137166589
2021-09-27,0.11318095
2021-09-28,0.0549947843
2021-09-29,0.071057111
2021-09-30,0.128477991
2021-10-01,-0.0689703524
2021-10-02,0.084781982
2021-10-03,-0.074655883
2021-10-04,0.210598439
2021-10-05,-0.0255026352
2021-10-06,0.0824860111
2021-10-07,0.206210569
2021-10-08,-0.0180112012
2021-10-09,0.342828542
2021-10-10,0.0723502338
2021-10-11,0.403227627
2021-10-12,0.284030735
2021-10-13,0.232463479
2021-10-14,0.293718606
2021-10-15,0.211899072
2021-10-16,0.330690086
2021-10-17,-0.00200054259
2021-10-18,0.166453838
2021-10-19,-0.0976387858
2021-10-20,0.178750798
2021-10-21,0.293589592
2021-10-22,0.317266613
2021-10-23,0.382325441
2021-10-24,0.235160589
2021-10-25,0.368586928
2021-10-26,0.221744731
2021-10-27,0.399874091
2021-10-28,0.334321111
2021-10-29,0.388330519
2021-10-30,0.39076072
2021-10-31,0.258086771
2021-11-01,0.583570719
2021-11-02,0.333001882
2021-11-03,0.517596185
2021-11-04,0.378615499
2021-11-05,0.57455337
2021-11-06,0.638218105
2021-11-07,0.400082618
2021-11-08,0.926526785
2021-11-09,0.537849367
2021-11-10,1.12234187
2021-11-11,0.67496109
2021-11-12,1.61313796
2021-11-13,0.757300019
2021-11-14,2.70078897
2021-11-15,1.1197716
2021-11-16,4.17753553
2021-11-17,1.87377846
2021-11-18,1.92993999
2021-11-19,3.27073765
2021-11-20,1.32328379
2021-11-21,5.62358713
2021-11-22,1.06170297
2021-11-23,5.57394266
2021-11-24,1.60977972
2021-11-25,3.33056498
2021-11-26,2.937886
2021-11-27,1.95281971
2021-11-28,4.92397356
2021-11-29,1.36481714
2021-11-30,6.45515442
2021-12-01,0.897741914
2021-12-02,4.30513716
2021-12-03,1.91088986
2021-12-04,2.27058148
2021-12-05,3.89182401
2021-12-06,2.26862574
2021-12-07,8.30537891
2021-12-08,1.46758735
2021-12-09,7.80868816
2021-12-10,2.59155846
2021-12-11,4.65574408
2021-12-12,4.09778833
2021-12-13,2.18500447
2021-12-14,5.31217051
2021-12-15,1.35918832
2021-12-16,6.72636032
2021-12-17,1.16553938
2021-12-18,4.9422636
2021-12-19,2.08821154
2021-12-20,2.68440676
2021-12-21,3.79074001
2021-12-22,1.81350732
2021-12-23,5.58116674
2021-12-24,1.36422217
2021-12-25,5.51189709
2021-12-26,1.57755876
2021-12-27,3.22854924
2021-12-28,2.61794043
2021-12-29,1.99101615
2021-12-30,4.89075089
2021-12-31,1.22680104
2022-01-01,5.90526915
2022-01-02,0.863905191
2022-01-03,0.112383351
2022-01-04,0.321843237
2022-01-05,0.193997234
2022-01-06,0.326705545
2022-01-07,0.305391937
2022-01-08,0.311349869
2022-01-09,0.221593976
2022-01-10,0.0906438157
2022-01-11,2.44249678
2022-01-12,-0.00733438134
2022-01-13,0.343126923
2022-01-14,0.191781595
2022-01-15,0.336393178
2022-01-16,0.232018232
2022-01-17,0.279255986
2022-01-18,0.292374492
2022-01-19,0.162157476
2022-01-20,0.240150392
2022-01-21,0.290807784
2022-01-22,0.264942825
2022-01-23,0.679959118
2022-01-24,0.509585619
2022-01-25,0.475026459
2022-01-26,0.367167711
2022-01-27,0.305905193
2022-01-28,0.15848738
2022-01-29,0.266429722
2022-01-30,0.201712459
2022-01-31,0.374545753
2022-02-01,0.240641519
2022-02-02,0.438461155
2022-02-03,0.499602884
2022-02-04,0.334757596
2022-02-05,0.170455933
2022-02-06,0.210196778
2022-02-07,0.357224613
2022-02-08,0.319718599
2022-02-09,0.430961967
2022-02-10,0.140173286
2022-02-11,0.155239508
2022-02-12,0.0671690404
2022-02-13,0.0471012853
2022-02-14,0.228959247
2022-02-15,0.202949837
2022-02-16,0.381253302
2022-02-17,0.179206103
2022-02-18,0.296139985
2022-02-19,0.224207237
2022-02-20,0.142823756
2022-02-21,0.218623266
2022-02-22,0.252483726
2022-02-23,0.350846469
2022-02-24,0.233169809
2022-02-25,0.316712737
2022-02-26,0.289359123
2022-02-27,0.283608049
2022-02-28,0.169584379
2022-03-01,0.177207276
2022-03-02,0.291017592
2022-03-03,0.0742969513
2022-03-04,0.374749601
2022-03-05,0.0731520727
2022-03-06,0.367045015
2022-03-07,0.339476049
2022-03-08,0.427158713
2022-03-09,0.338452697
2022-03-10,0.406840026
2022-03-11,0.402850628
2022-03-12,0.419971049
2022-03-13,0.538580477
2022-03-14,0.512256503
2022-03-15,0.646459162
2022-03-16,0.565781236
2022-03-17,0.538453817
2022-03-18,0.798907638
2022-03-19,0.615726054
2022-03-20,0.704358399
2022-03-21,0.623979747
2022-03-22,0.696958542
2022-03-23,0.823707163
2022-03-24,0.657027125
2022-03-25,0.867893875
2022-03-26,0.556122899
2022-03-27,0.789818704
2022-03-28,0.637123883
2022-03-29,1.08284247
2022-03-30,0.789776206
2022-03-31,0.832526922
2022-04-01,0.746604145
2022-04-02,0.677603245
2022-04-03,0.775778949
2022-04-04,0.530777156
2022-04-05,0.770227551
2022-04-06,0.525854707
2022-04-07,0.679965138
2022-04-08,0.611501276
2022-04-09,0.459791869
2022-04-10,0.708814323
2022-04-11,0.44326815
2022-04-12,0.7724213
2022-04-13,0.500040412
2022-04-14,0.760139644
2022-04-15,0.560851991
2022-04-16,0.775497854
2022-04-17,0.689555764
2022-04-18,0.69816041
2022-04-19,0.853398621
2022-04-20,0.648037791
2022-04-21,0.861110508
2022-04-22,0.577262521
2022-04-23,0.78795594
2022-04-24,0.661024332
2022-04-25,0.73613131
2022-04-26,0.766250014
2022-04-27,0.665011525
2022-04-28,0.882898867
2022-04-29,0.577154696
2022-04-30,0.917167723
2022-05-01,0.554084957
2022-05-02,0.574388087
2022-05-03,0.66919446
2022-05-04,0.497599274
2022-05-05,0.622133315
2022-05-06,0.488449037
2022-05-07,0.600147963
2022-05-08,0.459902346
2022-05-09,0.489834696
2022-05-10,0.445058197
2022-05-11,0.3332178
2022-05-12,0.449695706
2022-05-13,0.502527058
2022-05-14,0.613813519
2022-05-15,0.567485631
2022-05-16,3.46730733
2022-05-17,0.980828643
2022-05-18,3.43803382
2022-05-19,1.16561139
2022-05-20,2.63769174
2022-05-21,1.96472216
2022-05-22,1.49689806
2022-05-23,3.3600862
2022-05-24,1.38933718
2022-05-25,3.70225334
2022-05-26,0.926386654
2022-05-27,2.7454958
2022-05-28,1.46657038
2022-05-29,1.90681255
2022-05-30,2.69400311
2022-05-31,1.37737513
2022-06-01,3.72991514
2022-06-02,1.15740943
2022-06-03,3.62030721
2022-06-04,1.19933927
2022-06-05,2.39692235
2022-06-06,0.616447508
2022-06-07,0.660060048
2022-06-08,0.789977729
2022-06-09,0.633769393
2022-06-10,0.51296252
2022-06-11,0.38597542
2022-06-12,0.399270475
2022-06-13,0.403122276
2022-06-14,0.328522623
2022-06-15,0.338042736
2022-06-16,0.174869448
2022-06-17,0.110337153
2022-06-18,0.202824458
2022-06-19,0.257347763
2022-06-20,0.132109001
2022-06-21,0.649902165
2022-06-22,0.184456393
2022-06-23,0.246620655
2022-06-24,0.129576892
2022-06-25,0.225603998
2022-06-26,-0.00964836404
2022-06-27,0.11821232
2022-06-28,0.149486408
2022-06-29,0.158982992
2022-06-30,0.0896364525
2022-07-01,0.160547569
2022-07-02,0.0600915551
2022-07-03,0.153345093
2022-07-04,0.528884709
2022-07-05,2.84553814
2022-07-06,0.525089264
2022-07-07,1.94965494
2022-07-08,1.05670476
2022-07-09,1.08565128
2022-07-10,2.39146042
2022-07-11,0.772382379
2022-07-12,3.17157745
2022-07-13,0.752882659
2022-07-14,2.45384979
2022-07-15,0.966271758
2022-07-16,1.25516427
2022-07-17,1.83055222
2022-07-18,0.780324042
2022-07-19,3.03610563
2022-07-20,0.490911216
2022-07-21,2.85030246
2022-07-22,0.711879313
2022-07-23,1.83281863
2022-07-24,0.974092484
2022-07-25,1.02664077
2022-07-26,2.22186565
2022-07-27,0.794107556
2022-07-28,3.17688203
2022-07-29,0.502226651
2022-07-30,2.5100956
2022-07-31,0.74421519
2022-08-01,1.55407381
2022-08-02,1.86967325
2022-08-03,0.816294253
2022-08-04,2.84204698
2022-08-05,0.45043534
2022-08-06,2.82132316
2022-08-07,0.618952811
2022-08-08,1.71764565
2022-08-09,1.11812103
2022-08-10,0.775232196
2022-08-11,2.48985648
2022-08-12,0.704828918
2022-08-13,3.36707425
2022-08-14,0.571838915
2022-08-15,2.24692416
2022-08-16,1.02961791
2022-08-17,1.68222737
2022-08-18,2.01225233
2022-08-19,0.796153486
2022-08-20,3.04202938
2022-08-21,0.571007609
2022-08-22,3.14944482
2022-08-23,0.651369989
2022-08-24,1.93112898
2022-08-25,1.36346292
2022-08-26,1.32545435
2022-08-27,2.82889175
2022-08-28,0.732315481
2022-08-29,0.136946648
2022-08-30,0.132638335
2022-08-31,0.0356471576
2022-09-01,0.112372465
2022-09-02,0.0334133729
2022-09-03,0.144911289
2022-09-04,0.0122768525
2022-09-05,0.181084946
2022-09-06,0.0595897622
2022-09-07,0.0795616731
2022-09-08,0.0384967588
2022-09-09,-0.0300122797
2022-09-10,0.114525788
2022-09-11,-0.0618269295
2022-09-12,0.168775946
2022-09-13,0.0179952569
2022-09-14,0.100899443
2022-09-15,0.000585622038
2022-09-16,0.157811984
2022-09-17,0.214349329
2022-09-18,0.111825861
2022-09-19,0.330275476
2022-09-20,0.0435530916
2022-09-21,0.163497254
2022-09-22,0.038272053
2022-09-23,0.0835077465
2022-09-24,0.16465126
2022-09-25,0.201136708
2022-09-26,0.17320852
2022-09-27,0.0391532034
2022-09-28,0.293159157
2022-09-29,0.010384337
2022-09-30,0.217668325
2022-10-01,0.084166728
2022-10-02,0.00887112599
2022-10-03,0.296780437
2022-10-04,-0.165670708
2022-10-05,0.31262359
2022-10-06,-0.0305446442
2022-10-07,0.253810763
2022-10-08,0.104883276
2022-10-09,-8.42926893e-05
2022-10-10,0.0908682793
2022-10-11,-0.0691056773
2022-10-12,0.110289298
2022-10-13,-0.0233051423
2022-10-14,0.171054989
2022-10-15,0.0680021197
2022-10-16,0.186986476
2022-10-17,0.165497869
2022-10-18,0.0125447037
2022-10-19,0.351440668
2022-10-20,0.108897276
2022-10-21,0.439067692
2022-10-22,0.26025486
2022-10-23,0.211146697
2022-10-24,0.194502905
2022-10-25,0.175701812
2022-10-26,0.460625768
2022-10-27,0.252961814
2022-10-28,0.560114801
2022-10-29,0.468568087
2022-10-30,0.478891701
2022-10-31,0.587915421
2022-11-01,0.397305697
2022-11-02,0.543639481
2022-11-03,0.289454281
2022-11-04,0.769745171
2022-11-05,0.354043633
2022-11-06,0.724070072
2022-11-07,0.530004263
2022-11-08,0.53510046
2022-11-09,0.662760019
2022-11-10,0.368165314
2022-11-11,0.688034594
2022-11-12,0.418344349
2022-11-13,0.743325412
2022-11-14,0.419586897
2022-11-15,0.516397119
2022-11-16,0.499436885
2022-11-17,0.491842717
2022-11-18,0.393212914
2022-11-19,0.195937604
2022-11-20,0.535394788
2022-11-21,0.287702292
2022-11-22,0.584099531
2022-11-23,0.358777076
2022-11-24,0.525547326
2022-11-25,0.451543301
2022-11-26,0.384015799
2022-11-27,0.600468516
2022-11-28,0.361203581
2022-11-29,0.637687266
2022-11-30,0.45481813
2022-12-01,0.572747827
2022-12-02,0.54943341
2022-12-03,0.552743375
2022-12-04,0.667934358
2022-12-05,0.32156831
2022-12-06,0.663348556
2022-12-07,0.294119984
2022-12-08,0.677877247
2022-12-09,0.308752567
2022-12-10,0.523969889
2022-12-11,0.381231904
2022-12-12,0.464921027
2022-12-13,0.412002712
2022-12-14,0.393301457
2022-12-15,0.495288074
2022-12-16,0.380743921
2022-12-17,0.502259493
2022-12-18,0.374502093
2022-12-19,0.565979064
2022-12-20,0.398692638
2022-12-21,0.369648874
2022-12-22,0.403415322
2022-12-23,0.410093635
2022-12-24,0.542822242
2022-12-25,0.410920829
2022-12-26,0.606972456
2022-12-27,0.330690801
2022-12-28,0.488195807
2022-12-29,0.367573619
2022-12-30,0.310738623
2022-12-31,0.505337
2023-01-01,0.193098769
2023-01-02,0.599246442
2023-01-03,0.456360728
2023-01-04,0.476492733
2023-01-05,0.590987563
2023-01-06,0.348890215
2023-01-07,0.461688459
2023-01-08,0.320104748
2023-01-09,0.460628271
2023-01-10,0.345199794
2023-01-11,0.511930823
2023-01-12,0.45592761
2023-01-13,0.544829309
2023-01-14,0.471308619
2023-01-15,0.314143628
2023-01-16,0.551885307
2023-01-17,0.325438648
2023-01-18,0.664464414
2023-01-19,0.357796818
2023-01-20,0.621513128
2023-01-21,0.583582044
2023-01-22,0.31082195
2023-01-23,0.525089204
2023-01-24,0.485181361
2023-01-25,0.460293025
2023-01-26,0.383096963
2023-01-27,0.442546308
2023-01-28,0.276898205
2023-01-29,0.390471011
2023-01-30,0.426053643
2023-01-31,0.195624053
2023-02-01,0.229384437
2023-02-02,0.177071676
2023-02-03,0.254040629
2023-02-04,0.220434889
2023-02-05,0.416342616
2023-02-06,0.316754371
2023-02-07,0.262654811
2023-02-08,0.242392018
2023-02-09,0.176654264
2023-02-10,0.451399684
2023-02-11,0.324667364
2023-02-12,0.55688256
2023-02-13,0.328657508
2023-02-14,0.485969067
2023-02-15,0.367359519
2023-02-16,0.252913862
2023-02-17,0.489458203
2023-02-18,0.243034497
2023-02-19,0.59396553
2023-02-20,0.187020719
2023-02-21,0.455937088
2023-02-22,0.265842408
2023-02-23,0.217199951
2023-02-24,0.260723919
2023-02-25,0.170439869
2023-02-26,0.442310721
2023-02-27,0.314874977
2023-02-28,0.537083983
2023-03-01,0.429909974
2023-03-02,0.410516232
2023-03-03,0.472536922
2023-03-04,0.473569453
2023-03-05,0.42267707
2023-03-06,0.354213029
2023-03-07,0.649647653
2023-03-08,0.183040664
2023-03-09,0.557695389
2023-03-10,0.263919234
2023-03-11,0.276641965
2023-03-12,0.377196163
2023-03-13,0.308279872
2023-03-14,0.493619144
2023-03-15,0.311095297
2023-03-16,0.403319806
2023-03-17,0.165262952
2023-03-18,0.0793472156
2023-03-19,-0.0232817475
2023-03-20,-0.212649718
2023-03-21,0.0962712616
2023-03-22,-0.158135027
2023-03-23,0.0389782898
2023-03-24,0.144873559
2023-03-25,0.2628901
2023-03-26,0.252051592
2023-03-27,0.196234509
2023-03-28,0.2239445
2023-03-29,0.132784516
2023-03-30,0.351289183
2023-03-31,0.0195293352
2023-04-01,-0.0396224409
2023-04-02,-0.20763655
2023-04-03,0.00859560538
2023-04-04,0.114534013
2023-04-05,0.171968967
2023-04-06,0.258269876
2023-04-07,0.199140728
2023-04-08,0.353628248
2023-04-09,0.0946041867
2023-04-10,0.350807965
2023-04-11,0.261860907
2023-04-12,0.313910186
2023-04-13,0.524897873
2023-04-14,0.294637442
2023-04-15,0.638568223
2023-04-16,0.35583958
2023-04-17,0.713288903
2023-04-18,0.512306988
2023-04-19,0.57523042
2023-04-20,0.568561971
2023-04-21,0.275751501
2023-04-22,0.382977575
2023-04-23,0.00914613344
2023-04-24,0.189416498
2023-04-25,0.0978336856
2023-04-26,0.125600338
2023-04-27,0.151917756
2023-04-28,-0.00656509213
2023-04-29,0.0928948447
2023-04-30,-0.106668025
2023-05-01,0.0475867204
2023-05-02,-0.16179204
2023-05-03,-0.126005664
2023-05-04,-0.164545581
2023-05-05,-0.173872203
2023-05-06,0.0245664641
2023-05-07,-0.0548745655
2023-05-08,3.47502851
2023-05-09,0.770522773
2023-05-10,4.17115927
2023-05-11,0.68945694
2023-05-12,3.10106254
2023-05-13,1.61410248
2023-05-14,1.55214703
2023-05-15,3.65458775
2023-05-16,0.975771964
2023-05-17,4.65292215
2023-05-18,0.656722724
2023-05-19,3.34768581
2023-05-20,1.28752708
2023-05-21,1.64490128
2023-05-22,2.93517923
2023-05-23,0.915267348
2023-05-24,3.8267715
2023-05-25,0.682579815
2023-05-26,0.471939355
2023-05-27,0.311678678
2023-05-28,0.211665228
2023-05-29,0.272428423
2023-05-30,0.0854278132
2023-05-31,0.241897479
2023-06-01,0.454194814
2023-06-02,0.546462238
2023-06-03,0.344478309
2023-06-04,0.316226929
2023-06-05,0.409906
2023-06-06,0.347783267
2023-06-07,0.387663484
2023-06-08,0.23734051
2023-06-09,0.445216238
2023-06-10,0.21142602
2023-06-11,0.463789791
2023-06-12,0.335612625
2023-06-13,0.349116474
2023-06-14,0.301088184
2023-06-15,0.324980706
2023-06-16,0.213262469
2023-06-17,0.342834562
2023-06-18,0.407369256
2023-06-19,0.301336795
2023-06-20,0.328969628
2023-06-21,0.274795324
2023-06-22,0.222690821
2023-06-23,0.0346680172
2023-06-24,0.21540004
2023-06-25,0.108743727
2023-06-26,0.0808035731
2023-06-27,0.0758447126
2023-06-28,0.0876354352
2023-06-29,0.0914524794
2023-06-30,0.000341025036
2023-07-01,0.213460252
2023-07-02,0.153577328
2023-07-03,0.15992257
2023-07-04,0.0812477916
2023-07-05,0.128479585
2023-07-06,0.151789621
2023-07-07,0.0595107973
2023-07-08,0.184541538
2023-07-09,0.033121109
2023-07-10,0.27701959
2023-07-11,0.164271563
2023-07-12,0.221751526
2023-07-13,0.164245188
2023-07-14,0.1252404
2023-07-15,0.105713747
2023-07-16,0.17368421
2023-07-17,0.206011564
2023-07-18,0.157043129
2023-07-19,0.283499628
2023-07-20,0.142720595
2023-07-21,0.0886056721
2023-07-22,0.156628311
2023-07-23,0.0320614539
2023-07-24,0.0736225024
2023-07-25,0.0744763538
2023-07-26,0.091065526
2023-07-27,0.108478114
2023-07-28,0.0642219111
2023-07-29,0.247090816
2023-07-30,0.183384746
2023-07-31,0.480357915
2023-08-01,0.45288074
2023-08-02,0.409598768
2023-08-03,0.345689476
2023-08-04,0.298277199
2023-08-05,0.412506044
2023-08-06,0.316256374
2023-08-07,0.663822234
2023-08-08,0.775018573
2023-08-09,0.704650998
2023-08-10,0.702920616
2023-08-11,0.537205756
2023-08-12,0.444816738
2023-08-13,0.407591194
2023-08-14,0.417403013
2023-08-15,0.39537397
2023-08-16,0.43940717
2023-08-17,0.684522867
2023-08-18,0.592867076
2023-08-19,0.280818522
2023-08-20,0.199431404
2023-08-21,0.238189027
2023-08-22,0.143057123
2023-08-23,0.153241575
2023-08-24,0.312178105
2023-08-25,0.474063486
2023-08-26,0.776393592
2023-08-27,0.70336473
2023-08-28,0.897679448
2023-08-30,0.592315793
2023-08-31,0.448274493
2023-09-01,0.383397818
2023-09-02,0.188684896
2023-09-03,0.391140252
2023-09-04,0.237326771
2023-09-05,0.200262859
2023-09-06,0.086091347
2023-09-07,0.167056963
2023-09-08,0.11789877
2023-09-09,0.149795547
2023-09-10,0.301394671
2023-09-11,0.189179569
2023-09-12,0.298449516
2023-09-13,0.186768249
2023-09-14,0.203210369
2023-09-15,0.186648235
2023-09-16,0.0296828076
2023-09-17,0.133257955
2023-09-18,0.0516830981
2023-09-19,0.162571162
2023-09-20,-0.0688338429
2023-09-21,0.0786494315
2023-09-22,0.149532244
2023-09-23,0.0978722796
2023-09-24,0.21685338
2023-09-25,0.107748345
2023-09-26,0.270216107
2023-09-27,0.223863006
2023-09-28,0.131189972
2023-09-29,0.210227102
2023-09-30,0.271467477
2023-10-01,0.234313697
2023-10-02,0.125417531
2023-10-03,0.311286956
2023-10-04,0.179227784
2023-10-05,0.290091515
2023-10-06,0.295696914
2023-10-07,0.219623685
2023-10-08,0.364302158
2023-10-09,0.237511024
2023-10-10,0.318390787
2023-10-11,0.224352419
2023-10-12,0.201643512
2023-10-13,0.343037665
2023-10-14,0.140998483
2023-10-15,0.496346921
2023-10-16,0.223340169
2023-10-17,0.364861518
2023-10-18,0.253259271
2023-10-19,0.319677144
2023-10-20,0.361706436
2023-10-21,0.162038624
2023-10-22,0.24047029
2023-10-23,0.251069367
2023-10-24,0.13965477
2023-10-25,0.391761571
2023-10-26,0.246176124
2023-10-27,0.468592703
2023-10-28,0.187977508
2023-10-29,0.515519679
2023-10-30,0.376340121
2023-10-31,0.428623378
2023-11-01,0.472855717
2023-11-02,0.343200296
2023-11-03,0.619739056
2023-11-04,0.305802763
2023-11-05,0.729407191
2023-11-06,0.463525236
2023-11-07,0.705382288
2023-11-08,0.608112097
2023-11-09,0.680610836
2023-11-10,0.737666607
2023-11-11,0.294212461
2023-11-12,0.666863084
2023-11-13,0.150073811
2023-11-14,0.654502332
2023-11-15,0.625113308
2023-11-16,0.177197248
2023-11-17,0.549128771
2023-11-18,0.385567904
2023-11-19,0.585779965
2023-11-20,0.476129115
2023-11-21,0.505244315
2023-11-22,0.551406085
2023-11-23,0.626823664
2023-11-24,0.715563774
2023-11-25,0.423859924
2023-11-26,0.718254209
2023-11-27,0.44264099
2023-11-28,0.422507793
2023-11-29,0.441905111
2023-11-30,0.320803463
2023-12-01,0.300498158
2023-12-02,0.191481411
2023-12-03,-1.267651e+30
2023-12-04,0.175696105
2023-12-05,0.238415346
2023-12-06,0.318206102
2023-12-07,0.142975986
2023-12-08,0.325612247
2023-12-09,0.217665583
2023-12-10,0.409612894
2023-12-11,0.298047423
2023-12-12,0.51946187
2023-12-13,0.337812871
2023-12-14,0.524901748
2023-12-15,0.363115609
2023-12-16,0.334730148
2023-12-17,0.581021547
2023-12-18,0.284932464
2023-12-19,0.539584041
2023-12-20,0.324575245
2023-12-21,0.461314291
2023-12-22,0.483093679
2023-12-23,0.303331435
2023-12-24,0.623200893
2023-12-25,0.567764819
2023-12-26,0.672318518
2023-12-27,0.630452871
2023-12-28,0.578681946
2023-12-29,0.548263609
2023-12-30,0.31057024
2023-12-31,0.520730734
2024-01-01,0.498139203
2024-01-02,0.558496654
2024-01-03,0.666112959
2024-01-04,0.547851443
2024-01-05,0.664951324
2024-01-06,0.246764392
2024-01-07,0.692667425
2024-01-08,0.594767153
2024-01-09,0.602536023
2024-01-10,0.533295035
2024-01-11,0.626416922
2024-01-12,0.518237889
2024-01-13,0.83437103
2024-01-14,0.551656783
2024-01-15,0.347583085
2024-01-16,0.601333976
2024-01-17,0.537691951
2024-01-18,0.453735888
2024-01-19,0.572974265
2024-01-20,0.213129744
2024-01-21,0.55054599
2024-01-22,0.239208624
2024-01-23,0.636411071
2024-01-24,0.412223756
2024-01-25,0.388520479
2024-01-26,0.309865743
2024-01-27,0.0674833357
2024-01-28,0.30952549
2024-01-29,0.174179941
2024-01-30,0.55903548
2024-01-31,0.375122041
2024-02-01,0.442374766
2024-02-02,0.315656304
2024-02-03,0.216518775
2024-02-04,0.315422207
2024-02-05,0.378584474
2024-02-06,0.497752696
2024-02-07,0.303325713
2024-02-08,0.299172819
2024-02-09,0.215283513
2024-02-10,0.0637907237
2024-02-12,0.0765201524
2024-02-13,0.417775452
2024-02-14,0.253671259
2024-02-15,0.302825958
2024-02-16,0.274122268
2024-02-17,0.175044104
2024-02-18,0.309324652
2024-02-19,0.264202505
2024-02-20,0.511066318
2024-02-21,0.27524215
2024-02-22,0.250949591
2024-02-23,0.19445619
2024-02-24,0.13580437
2024-02-25,0.415313065
2024-02-26,0.16929327
2024-02-27,0.363785088
2024-02-28,0.188798398
2024-02-29,0.204512447
2024-03-01,0.260285079
2024-03-02,0.0728308484
2024-03-03,0.250607729
2024-03-04,-0.0407047756
2024-03-05,0.155625418
2024-03-06,0.0338225849
2024-03-07,0.152700916
2024-03-08,0.12587966
2024-03-09,0.130245253
2024-03-10,0.299056619
2024-03-11,0.263861358
2024-03-12,0.47578454
2024-03-13,0.468152732
2024-03-14,0.426499665
2024-03-15,0.441285878
2024-03-16,0.270258546
2024-03-17,0.451809973
2024-03-18,0.30202952
2024-03-19,0.432144731
2024-03-20,0.184277758
2024-03-21,0.197043896
2024-03-22,0.409892082
2024-03-23,0.292960703
2024-03-24,-1.267651e+30
2024-03-25,0.356661469
2024-03-26,0.409608305
2024-03-27,0.390966117
2024-03-28,0.181259394
2024-03-29,0.423141599
2024-03-30,0.258731037
2024-03-31,0.392989695
2024-04-01,0.155798852
2024-04-02,0.320421934
2024-04-03,0.322944909
2024-04-04,0.268653661
2024-04-05,0.308692127
2024-04-06,0.0885841921
2024-04-07,0.4929142
2024-04-08,0.236134902
2024-04-09,0.303920925
2024-04-10,0.320802778
2024-04-11,0.177754447
2024-04-12,0.254067153
2024-04-13,0.070996426
2024-04-14,0.221186623
2024-04-15,0.0764265805
2024-04-16,0.244799227
2024-04-17,0.273509562
2024-04-18,0.348742753
2024-04-19,0.475403249
2024-04-20,0.248047024
2024-04-21,0.513997912
2024-04-22,0.242512926
2024-04-23,0.207525298
2024-04-24,0.175402611
2024-04-25,0.156815335
2024-04-26,0.29803893
2024-04-27,0.224976525
2024-04-28,0.419432551
2024-04-29,0.256252527
2024-04-30,0.405192733
2024-05-01,0.321495086
2024-05-02,0.226180792
2024-05-03,0.473510057
2024-05-04,0.260721564
2024-05-05,0.613236547
2024-05-06,0.295683235
2024-05-07,0.290423661
2024-05-08,0.405174345
2024-05-09,0.103367358
2024-05-10,0.250321001
2024-05-11,0.00787786394
2024-05-12,0.0245989915
2024-05-13,0.101995863
2024-05-14,-0.0398755521
2024-05-15,0.272464633
2024-05-16,0.141466767
2024-05-17,0.457719594
2024-05-18,0.338180035
2024-05-19,0.363471091
2024-05-20,0.303878546
2024-05-21,0.174383461
2024-05-22,0.303875685
2024-05-23,0.145852119
2024-05-24,0.157758698
2024-05-25,0.0921084136
2024-05-26,0.179107904
2024-05-27,0.30258885
2024-05-28,-1.267651e+30
2024-05-29,0.716364145
2024-05-30,0.432957709
2024-05-31,0.57728678
2024-06-01,0.606727242
2024-06-02,0.386501223
2024-06-03,0.493692309
2024-06-04,0.374828994
2024-06-05,0.653277159
2024-06-06,0.249353036
2024-06-07,0.35274002
2024-06-08,0.364412725
2024-06-09,0.337984204
2024-06-10,0.348976433
2024-06-11,0.154854611
2024-06-12,0.338716626
2024-06-13,0.304420412
2024-06-14,0.322423667
2024-06-15,0.361411303
2024-06-16,0.290206403
2024-06-17,0.288312793
2024-06-18,0.203446805
2024-06-19,0.388748169
2024-06-20,0.0665496588
2024-06-21,0.36753422
2024-06-22,0.163155481
2024-06-23,0.073631227
2024-06-24,0.00604581228
2024-06-25,0.0507808886
2024-06-26,0.0930746496
2024-06-27,0.0200203545
2024-06-28,0.105505683
2024-06-29,0.221901596
2024-06-30,0.130510747
2024-07-01,0.17813158
2024-07-02,0.170320973
2024-07-03,0.311568469
2024-07-04,0.273645103
2024-07-05,0.166981921
2024-07-06,0.211926609
2024-07-07,0.444402307
2024-07-08,0.224171996
2024-07-09,0.106781267
2024-07-10,0.190138504
2024-07-11,0.215845987
2024-07-12,0.293564677
2024-07-13,0.239691123
2024-07-14,0.361866415
2024-07-15,0.17306532
2024-07-16,0.200235978
2024-07-17,0.142194733
2024-07-18,0.116231337
2024-07-19,0.141880482
2024-07-20,0.0492581911
2024-07-21,0.180924535
2024-07-22,0.112446867
2024-07-23,0.188138276
2024-07-24,0.104161881
2024-07-25,0.217897162
2024-07-26,0.172129571
2024-07-27,0.0975618213
2024-07-28,0.2957322
2024-07-29,0.115025699
2024-07-30,0.0394624732
2024-07-31,0.0998560414
2024-08-01,0.109932773
2024-08-02,0.0921120569
2024-08-03,0.075619705
2024-08-04,0.204584375
2024-08-05,0.478491873
2024-08-06,0.313499421
2024-08-07,0.244283006
2024-08-08,0.240943909
2024-08-09,0.30116266
2024-08-10,0.260583192
2024-08-11,0.318901539
2024-08-12,0.37684229
2024-08-13,0.235362008
2024-08-14,0.11409305
2024-08-15,0.205656663
2024-08-16,0.0945140868
2024-08-17,0.127388284
2024-08-18,0.0739038885
2024-08-19,-0.0327623114
2024-08-20,0.212576449
2024-08-21,-0.0173420496
2024-08-22,0.199522913
2024-08-23,0.158461839
2024-08-24,0.0245539434
2024-08-25,0.246846139
2024-08-26,0.105050802
2024-08-27,0.217185363
2024-08-28,0.083911702
2024-08-29,0.114734329
2024-08-30,0.27286002
2024-08-31,0.138915688
2024-09-01,0.112939201
2024-09-02,0.167050824
2024-09-03,0.0436207242
2024-09-04,0.23935765
2024-09-05,0.203506678
2024-09-06,0.337368995
2024-09-07,0.0657107458
2024-09-08,0.21701777
2024-09-09,0.113134056
2024-09-10,0.177551255
2024-09-11,0.189116433
2024-09-12,0.107736886
2024-09-13,0.369257897
2024-09-14,0.11762277
2024-09-15,0.268813163
2024-09-16,0.270767748
2024-09-17,0.161743268
2024-09-18,0.328066617
2024-09-19,0.189391956
2024-09-20,0.242144793
2024-09-21,0.0976215899
2024-09-22,0.0510132015
2024-09-23,0.182709485
2024-09-24,-0.0462258868
2024-09-25,0.196399331
2024-09-26,-0.0184270125
2024-09-27,0.117166169
2024-09-28,0.200342387
2024-09-29,0.190538958
2024-09-30,0.274958134
2024-10-01,0.209298968
2024-10-02,0.369155675
2024-10-03,0.26582098
2024-10-04,0.254865706
2024-10-05,0.364483982
2024-10-06,0.0439159274
2024-10-07,0.273296028
2024-10-08,0.162131459
2024-10-09,0.0749247596
2024-10-10,0.153810069
2024-10-11,0.0861038938
2024-10-12,0.309272498
2024-10-13,0.0199297275
2024-10-14,0.226297736
2024-10-15,0.163524508
2024-10-16,0.0139638344
2024-10-17,0.371221364
2024-10-18,0.110793345
2024-10-19,0.387149841
2024-10-20,0.220644459
2024-10-21,0.0962964445
2024-10-22,0.518008709
2024-10-23,0.0732108951
2024-10-24,0.427301615
2024-10-25,0.396785915
2024-10-26,0.359059036
2024-10-27,0.729929984
2024-10-28,0.440305293
2024-10-29,0.537493706
2024-10-30,0.489850372
2024-10-31,0.54064852
2024-11-01,0.705264807
2024-11-02,0.388567567
2024-11-03,0.838978171
2024-11-04,0.527166665
2024-11-05,0.6070292
2024-11-06,0.80254668
2024-11-07,0.35308516
2024-11-08,0.801255047
2024-11-09,0.456751972
2024-11-10,0.746285558
2024-11-11,0.747678578
2024-11-12,0.580311418
2024-11-13,0.688840151
2024-11-14,0.373771667
2024-11-15,0.7785061
2024-11-16,0.603272855
2024-11-17,0.669683516
2024-11-18,0.772260785
2024-11-19,0.379893154
2024-11-20,0.911176801
2024-11-21,0.718390584
2024-11-22,0.87277925
2024-11-23,0.754460931
2024-11-24,0.746535301
2024-11-25,0.815826893
2024-11-26,0.463491797
2024-11-27,0.937382221
2024-11-28,0.489664227
2024-11-29,0.580141842
2024-11-30,0.580139458
2024-12-01,0.37968275
2024-12-02,0.572085917
2024-12-03,0.501110852
2024-12-04,0.615404844
2024-12-05,0.409188122
2024-12-06,0.430158734
2024-12-07,0.601660311
2024-12-08,0.480649889
2024-12-09,0.598727882
2024-12-10,0.356899709
2024-12-11,0.544052899
2024-12-12,0.560223222
2024-12-13,0.449999511
2024-12-14,0.498169392
2024-12-15,0.472016811
2024-12-16,0.496509463
2024-12-17,0.0404932909
2024-12-18,0.265336007
2024-12-19,0.611315548
2024-12-20,0.604425788
2024-12-21,0.476469964
2024-12-22,0.683803439
2024-12-23,0.567403316
2024-12-24,0.58423686
2024-12-25,0.827675462
2024-12-26,0.636523783
2024-12-27,0.437538803
2024-12-28,0.430681258
2024-12-29,0.419196606
2024-12-30,0.406530559
2024-12-31,0.382041901
2025-01-01,0.7412498
2025-01-02,0.505575716
2025-01-03,0.241937533
2025-01-04,0.16009517
2025-01-05,0.349035829
2025-01-06,0.531330526
2025-01-07,0.564142168
2025-01-08,0.336773962
2025-01-09,0.282292664
2025-01-10,0.432324797
2025-01-11,0.534602225
2025-01-12,0.454514265
2025-01-13,0.425793439
2025-01-14,0.297925413
2025-01-15,0.473195344
2025-01-16,0.366901785
2025-01-17,0.344322741
2025-01-18,0.423915118
2025-01-19,0.410507739
2025-01-20,0.362181932
2025-01-21,0.333349794
2025-01-22,0.401817352
2025-01-23,0.329928249
2025-01-24,0.575265944
2025-01-25,0.186162248
2025-01-26,0.227423519
2025-01-27,0.292440355
2025-01-28,0.105900809
2025-01-29,0.46479708
2025-01-30,0.318495393
2025-01-31,0.430611521
2025-02-01,0.466621727
2025-02-02,0.256225318
2025-02-03,0.392305434
2025-02-04,0.275595903
2025-02-05,0.450698674
2025-02-06,0.237617701
2025-02-07,0.0720107108
2025-02-08,0.267966419
2025-02-09,0.248298794
2025-02-10,0.367250025
2025-02-11,0.277385622
2025-02-12,0.177405357
2025-02-13,0.214210019
2025-02-14,0.33175689
2025-02-15,0.416923434
2025-02-16,0.367891878
2025-02-17,0.292808026
2025-02-18,0.389712155
2025-02-19,0.228654236
2025-02-20,0.467100859
2025-02-21,0.357232034
2025-02-22,0.335815489
2025-02-23,0.14988409
2025-02-24,0.0832606852
2025-02-25,0.35419783
2025-02-26,0.257666975
2025-02-27,0.654936612
2025-02-28,0.291427553
2025-03-01,0.164521992
2025-03-02,0.290400296
2025-03-03,0.329938442
2025-03-04,0.417093158
2025-03-05,0.138644025
2025-03-06,0.271934062
2025-03-07,0.302428603
2025-03-08,0.300544232
2025-03-09,0.531594217
2025-03-10,0.384024411
2025-03-11,0.30001092
2025-03-12,0.311628401
2025-03-13,0.220502108
2025-03-14,0.626972437
2025-03-15,0.404904366
2025-03-16,0.336963892
2025-03-17,0.419205725
2025-03-18,0.173016265
2025-03-19,0.494032532
2025-03-20,0.231380105
2025-03-21,0.167346999
2025-03-22,0.160701841
2025-03-23,0.0440425128
2025-03-24,0.313894838
2025-03-25,0.334434777
2025-03-26,0.472496927
2025-03-27,0.587835908
2025-03-28,0.415560842
2025-03-29,0.612115443
2025-03-30,0.638979495
2025-03-31,0.603748918
2025-04-01,0.617167711
2025-04-02,0.443557173
2025-04-03,0.446477205
2025-04-04,0.20788759
2025-04-05,0.474994689
2025-04-06,0.349468082
2025-04-07,0.341578543
2025-04-08,0.647252977
2025-04-09,0.373186648
2025-04-10,0.402069032
2025-04-11,0.475613505
2025-04-12,0.283002406
2025-04-13,0.413816482
2025-04-14,0.201240242
2025-04-15,0.271544129
2025-04-16,0.310661972
2025-04-17,0.161454946
2025-04-18,0.542176664
2025-04-19,0.363228172
2025-04-20,0.540191054
2025-04-21,0.568087757
2025-04-22,0.447457552
2025-04-23,0.489458233
2025-04-24,0.434781879
2025-04-25,0.762571037
2025-04-26,0.534641922
2025-04-27,0.318132341
2025-04-28,0.491590321
2025-04-29,0.403692126
2025-04-30,0.583603799
2025-05-01,0.30680716
2025-05-02,0.27983427
2025-05-03,0.542663634
2025-05-04,0.294955164
2025-05-05,0.415791154
2025-05-06,0.114421368
2025-05-07,0.0732654929
2025-05-08,0.11901889
2025-05-09,0.00171338965
2025-05-10,0.0537396334
2025-05-11,-0.0292993989
2025-05-12,0.145979539
2025-05-13,0.0729327053
2025-05-14,-0.0042319363
2025-05-15,0.357980072
2025-05-16,-0.0528903119
2025-05-17,0.391352624
2025-05-18,0.164403498
2025-05-19,0.0835369378
2025-05-20,0.418788105
2025-05-21,0.122846745
2025-05-22,0.357172847
2025-05-23,0.192709416
2025-05-24,0.080500789
2025-05-25,0.105644427
2025-05-26,0.201617151
2025-05-27,0.149464369
2025-05-28,0.17035912
2025-05-29,0.464711994
2025-05-30,0.368243515
2025-05-31,0.510001719
2025-06-01,0.745505869
2025-06-02,0.410237163
2025-06-03,0.382332712
2025-06-04,0.175950378
2025-06-05,0.438441992
2025-06-06,0.24745734
2025-06-07,0.41414085
2025-06-08,0.344031185
2025-06-09,0.620145142
2025-06-10,0.455037624
2025-06-11,0.57652384
2025-06-12,0.32767272
2025-06-13,0.189493671
2025-06-14,0.0827633888
2025-06-15,0.109859854
2025-06-16,-0.0191374477
2025-06-17,0.0280213431
2025-06-18,0.203692779
2025-06-19,0.220417485
2025-06-20,0.151302174
2025-06-21,0.289967775
2025-06-22,0.109089494
2025-06-23,-0.0451005958
2025-06-24,0.116033472
2025-06-25,0.0201869793
2025-06-26,0.103960171
2025-06-27,0.105825186
2025-06-28,0.0445813052
2025-06-29,0.0743661672
2025-06-30,0.149377599
2025-07-01,0.168674469
2025-07-02,0.167298391
2025-07-03,-0.00184517959
2025-07-04,0.169988409
2025-07-05,0.140528351
2025-07-06,0.272835493
2025-07-07,0.154132575
2025-07-08,0.103057988
2025-07-09,0.190364793
2025-07-10,0.280539989
2025-07-11,0.184487626
2025-07-12,0.222515911
2025-07-13,0.184469402
2025-07-14,0.122214064
2025-07-15,0.372921288
2025-07-16,0.13626495
2025-07-17,0.133788839
2025-07-18,0.104799643
2025-07-19,0.14755857
2025-07-20,0.152743399
2025-07-21,0.178051561
2025-07-22,0.0508743711
2025-07-23,0.0501892157
2025-07-24,0.114994012
2025-07-25,0.32273519
2025-07-26,0.114913724
2025-07-27,0.250410974
2025-07-28,0.279826701
2025-07-29,0.275024325
2025-07-30,0.321453422
2025-07-31,0.414204389
2025-08-01,0.55538547
2025-08-02,0.410974413
2025-08-03,0.122466035
2025-08-04,0.28870669
2025-08-05,0.230056673
2025-08-06,0.302073479
2025-08-07,0.228108764
2025-08-08,0.0419601202
2025-08-09,0.0543574467
2025-08-10,0.0818231702
2025-08-11,-0.00368331955
2025-08-12,-0.029096866
2025-08-13,0.0214494374
2025-08-14,-0.0211541057
2025-08-15,0.0514613688
2025-08-16,-0.0587124787
2025-08-17,-0.0703309923
2025-08-18,-0.0795946196
2025-08-19,-0.0103300307
2025-08-20,-0.0281456821
2025-08-21,0.0395336263
2025-08-22,0.278051704
2025-08-23,-0.0698417872
2025-08-24,0.0984704792
2025-08-25,0.0717770681
2025-08-26,0.234517023
2025-08-27,0.0467762388
2025-08-28,0.0544534512
2025-08-29,0.0561533198
2025-08-30,0.0449552462
2025-08-31,0.115075916
2025-09-01,0.147703901
2025-09-02,0.163081959
2025-09-03,0.239786029
2025-09-04,0.0840145424
2025-09-05,0.0823298395
2025-09-06,0.0172802284
2025-09-07,0.0130917067
2025-09-08,-0.03716328
2025-09-09,-0.0334063061
2025-09-10,-0.0250288676
2025-09-11,0.0700701699
2025-09-12,-0.114451788
2025-09-13,-0.0766289756
2025-09-14,-0.0547250099
2025-09-15,-0.0919281989
2025-09-16,0.0561012216
2025-09-17,-0.0215260964
2025-09-18,0.0421829447
2025-09-19,0.0815525874
2025-09-20,0.00739688333
2025-09-21,0.282771677
2025-09-22,0.0366362818
2025-09-23,0.16799888
2025-09-24,0.256444037
2025-09-25,0.0432750285
2025-09-26,0.245571911
2025-09-27,0.0958767012
2025-09-28,0.0299389344
2025-09-29,0.140776068
2025-09-30,-0.035559997
2025-10-01,0.0946729258
